0
1
2
3
4
5
6
7
8
9
10
11
12
13
14
15
16
17
18
19
20
21
22
23
24
25
26
27
28
29
30
31
32
33
34
35
36
37
38
39
40
41
42
43
44
45
46
47
48
49
50
51
52
53
54
55
56
57
58
59
60
61
62
63
64
65
66
67
68
69
70
71
72
73
74
75
76
77
78
79
80
81
82
83
84
85
86
87
88
89
90
91
92
93
94
95
96
97
98
99
100
101
102
103
104
105
106
107
108
109
110
111
112
113
114
115
116
117
118
119
120
121
122
123
124
125
126
127
128
129
130
131
132
133
134
135
136
137
138
139
140
141
142
143
144
145
146
147
148
149
150
151
152
153
154
155
156
157
158
159
160
161
162
163
164
165
166
167
168
169
170
171
172
173
174
175
176
177
178
179
180
181
182
183
184
185
186
187
188
189
190
191
192
193
194
195
196
197
198
199
200
201
202
203
204
205
206
207
208
209
210
211
212
213
214
215
216
217
218
219
220
221
222
223
224
225
226
227
228
229
230
231
232
233
234
235
236
237
238
239
240
241
242
243
244
245
246
247
248
249
250
251
252
253
254
255
256
257
258
259
260
261
262
263
264
265
266
267
268
269
270
271
272
273
274
275
276
277
278
279
280
281
282
283
284
285
286
287
288
289
290
291
292
293
294
295
296
298
299
300
301
302
303
304
305
306
307
308
309
310
311
312
313
314
315
316
318
319
320
321
322
323
324
325
326
327
328
329
330
331
332
333
334
335
336
337
338
339
340
341
342
343
344
345
346
347
348
349
350
351
352
353
354
355
356
357
358
359
360
361
362
363
364
365
366
367
368
369
370
371
372
373
374
375
376
377
378
379
380
381
382
383
384
385
386
387
388
389
390
391
392
393
394
395
396
397
398
400
401
402
403
404
405
406
407
408
409
410
411
412
413
414
415
416
417
418
419
420
421
423
424
425
426
427
428
429
430
431
432
433
434
435
436
437
438
439
440
442
443
444
445
446
447
448
449
450
451
452
453
455
456
457
458
459
460
461
462
463
464
466
467
468
469
470
471
472
473
474
475
476
477
478
479
481
482
483
484
485
486
487
488
489
490
491
492
493
494
495
496
497
498
499
500
501
502
503
504
505
506
507
508
509
510
511
512
513
514
515
516
517
518
519
520
521
522
523
524
525
526
528
529
530
531
532
533
534
535
536
537
538
539
540
541
542
543
544
547
548
549
550
551
552
553
554
557
558
559
560
561
562
563
564
565
567
568
569
570
571
572
573
574
575
576
577
578
579
580
581
583
585
586
587
588
589
590
591
592
593
594
595
596
598
599
600
602
604
605
606
607
608
609
610
611
612
613
614
615
616
620
621
622
623
624
625
626
627
628
629
630
631
632
633
634
635
636
637
638
639
640
641
642
643
644
645
646
647
648
650
651
652
653
654
656
657
658
659
660
662
663
664
665
666
667
668
669
670
671
672
673
674
675
678
679
680
681
682
683
684
685
686
687
688
689
691
692
693
694
695
696
697
698
699
700
701
703
704
706
707
708
709
710
712
713
714
715
716
717
719
721
722
723
724
725
726
727
728
729
730
731
732
733
734
735
736
737
738
739
740
741
742
743
744
745
746
747
748
750
751
752
753
754
756
758
759
760
761
762
763
765
766
767
768
769
770
771
772
773
775
776
777
778
779
781
782
783
784
785
786
787
788
789
790
791
792
793
794
795
797
798
799
800
801
802
803
804
805
806
807
808
809
810
812
813
814
815
816
818
819
821
822
823
824
825
826
828
829
830
831
832
833
834
835
836
837
839
840
841
842
843
846
847
848
849
850
851
852
853
854
856
857
858
859
860
863
864
866
867
868
869
870
871
873
874
875
876
877
878
879
880
881
882
883
884
886
887
888
889
890
891
892
893
894
895
896
897
898
899
900
901
902
903
904
905
906
907
908
909
910
911
912
913
914
915
916
917
918
919
920
921
922
923
924
925
926
927
930
931
932
935
936
938
939
940
941
942
943
944
945
946
947
948
949
950
951
952
954
955
956
957
958
959
960
962
965
967
969
971
972
973
974
975
976
977
978
980
981
982
984
985
986
987
988
989
991
992
993
994
995
996
997
998
999
1000
1001
1002
1003
1004
1005
1006
1008
1009
1010
1011
1012
1013
1014
1015
1016
1017
1018
1019
1020
1021
1022
1025
1026
1027
1028
1029
1030
1031
1032
1033
1034
1035
1037
1038
1039
1040
1041
1042
1043
1044
1045
1047
1048
1049
1050
1052
1053
1054
1056
1057
1058
1059
1060
1061
1062
1063
1064
1065
1066
1067
1068
1070
1071
1072
1073
1074
1076
1077
1079
1080
1081
1082
1083
1085
1086
1088
1089
1090
1091
1092
1093
1094
1095
1097
1098
1099
1100
1101
1102
1103
1104
1105
1106
1109
1110
1111
1112
1113
1114
1115
1116
1117
1118
1119
1120
1121
1122
1123
1124
1126
1128
1129
1130
1132
1133
1134
1135
1137
1138
1139
1140
1141
1142
1143
1144
1145
1146
1148
1149
1150
1151
1152
1153
1154
1155
1156
1158
1159
1160
1162
1163
1165
1167
1170
1171
1172
1173
1174
1175
1176
1178
1179
1181
1182
1183
1184
1186
1187
1188
1189
1190
1191
1192
1193
1194
1195
1196
1198
1199
1200
1201
1203
1204
1205
1206
1207
1208
1209
1210
1211
1212
1213
1214
1216
1217
1218
1219
1220
1221
1223
1224
1226
1227
1228
1231
1234
1235
1236
1237
1238
1239
1240
1242
1243
1244
1245
1246
1248
1249
1250
1251
1252
1253
1254
1255
1256
1257
1258
1259
1260
1261
1262
1264
1265
1266
1267
1268
1269
1271
1272
1273
1274
1275
1277
1280
1282
1283
1284
1285
1286
1287
1288
1289
1290
1291
1293
1295
1297
1298
1299
1300
1301
1302
1303
1304
1306
1307
1308
1310
1311
1312
1313
1314
1315
1316
1317
1318
1319
1320
1321
1322
1323
1324
1325
1326
1327
1328
1330
1331
1332
1333
1334
1335
1336
1340
1341
1342
1343
1344
1345
1346
1347
1349
1350
1352
1353
1354
1356
1358
1359
1360
1361
1362
1363
1364
1365
1366
1367
1368
1369
1370
1371
1373
1374
1375
1376
1377
1378
1379
1380
1381
1382
1385
1386
1387
1388
1389
1391
1393
1394
1395
1396
1397
1400
1401
1402
1404
1405
1406
1407
1409
1410
1411
1412
1413
1414
1416
1417
1419
1420
1421
1422
1423
1425
1426
1428
1429
1433
1435
1436
1438
1439
1440
1441
1442
1443
1445
1446
1447
1448
1449
1451
1452
1453
1455
1456
1457
1458
1459
1460
1461
1462
1463
1464
1465
1466
1467
1468
1469
1471
1472
1473
1474
1475
1476
1477
1478
1479
1480
1481
1482
1483
1484
1485
1487
1488
1489
1491
1493
1494
1495
1496
1497
1498
1500
1501
1502
1503
1505
1506
1508
1509
1510
1511
1512
1513
1514
1515
1516
1518
1519
1520
1521
1522
1523
1524
1525
1526
1527
1528
1531
1532
1533
1534
1535
1536
1537
1538
1540
1541
1542
1543
1544
1545
1546
1547
1548
1549
1550
1551
1552
1555
1557
1558
1559
1560
1562
1563
1565
1566
1567
1569
1570
1572
1573
1574
1575
1576
1577
1579
1580
1581
1582
1583
1584
1586
1587
1588
1589
1590
1591
1592
1593
1594
1595
1596
1597
1599
1600
1601
1602
1603
1606
1607
1608
1609
1610
1611
1612
1615
1617
1618
1619
1620
1622
1623
1624
1625
1626
1627
1628
1629
1630
1631
1632
1633
1634
1635
1637
1638
1639
1640
1642
1643
1644
1645
1646
1647
1648
1650
1651
1652
1653
1654
1655
1657
1658
1659
1660
1661
1662
1665
1666
1667
1669
1670
1671
1672
1673
1674
1675
1676
1678
1679
1680
1681
1682
1683
1684
1685
1686
1687
1689
1690
1691
1692
1693
1694
1696
1697
1698
1700
1701
1702
1704
1705
1707
1708
1712
1713
1714
1715
1716
1718
1719
1720
1721
1722
1723
1724
1725
1727
1728
1730
1732
1733
1734
1736
1737
1738
1740
1741
1742
1743
1744
1745
1748
1749
1752
1753
1754
1755
1756
1757
1759
1760
1761
1762
1763
1764
1765
1767
1768
1769
1770
1771
1773
1774
1776
1777
1778
1779
1780
1781
1782
1783
1784
1785
1786
1787
1788
1789
1791
1792
1793
1794
1795
1796
1797
1798
1799
1801
1802
1803
1804
1805
1806
1807
1808
1809
1810
1811
1812
1814
1815
1816
1817
1818
1820
1821
1822
1823
1824
1825
1826
1827
1828
1829
1830
1831
1833
1834
1835
1836
1840
1841
1844
1845
1846
1847
1848
1849
1850
1851
1852
1853
1855
1856
1857
1858
1859
1860
1861
1864
1865
1866
1867
1869
1870
1871
1873
1874
1876
1877
1879
1881
1882
1883
1884
1887
1888
1889
1890
1891
1892
1894
1895
1896
1897
1898
1899
1901
1902
1904
1905
1906
1908
1910
1911
1916
1917
1918
1919
1921
1923
1924
1925
1926
1927
1928
1929
1931
1932
1934
1937
1938
1940
1941
1942
1943
1944
1945
1946
1947
1948
1950
1951
1953
1954
1956
1957
1958
1959
1960
1962
1964
1965
1966
1967
1968
1970
1971
1972
1973
1975
1977
1979
1981
1982
1984
1985
1987
1988
1989
1990
1992
1993
1994
1996
1998
1999
2000
2001
2002
2006
2007
2009
2010
2011
2012
2014
2015
2017
2018
2019
2020
2021
2022
2025
2027
2029
2031
2032
2033
2034
2036
2037
2043
2044
2046
2047
2048
2050
2052
2053
2054
2056
2058
2059
2060
2061
2063
2064
2068
2069
2070
2072
2073
2074
2075
2076
2077
2078
2080
2081
2082
2083
2084
2085
2086
2087
2088
2089
2090
2091
2093
2094
2095
2096
2098
2099
2100
2101
2103
2104
2106
2107
2108
2109
2110
2112
2113
2114
2117
2119
2120
2121
2123
2124
2126
2127
2128
2129
2131
2132
2133
2134
2135
2136
2138
2139
2140
2141
2143
2144
2145
2146
2148
2149
2150
2152
2153
2155
2156
2158
2159
2160
2162
2163
2164
2166
2167
2168
2170
2171
2173
2174
2176
2177
2179
2180
2181
2184
2185
2186
2187
2189
2190
2191
2192
2193
2194
2195
2196
2197
2198
2199
2200
2201
2202
2203
2204
2205
2206
2208
2209
2210
2211
2212
2213
2215
2216
2217
2220
2222
2224
2225
2228
2229
2231
2232
2233
2234
2235
2236
2237
2239
2241
2243
2244
2246
2247
2248
2249
2250
2251
2252
2253
2254
2255
2256
2257
2258
2259
2260
2261
2262
2263
2264
2266
2267
2270
2271
2272
2275
2276
2277
2278
2279
2282
2286
2287
2288
2291
2294
2297
2298
2299
2301
2302
2303
2304
2305
2306
2307
2308
2309
2311
2312
2313
2315
2316
2318
2319
2320
2321
2323
2324
2325
2327
2329
2330
2331
2332
2333
2334
2335
2336
2338
2339
2341
2342
2343
2344
2345
2346
2348
2349
2353
2354
2355
2356
2357
2358
2359
2361
2362
2364
2366
2368
2369
2370
2372
2373
2374
2376
2377
2378
2379
2380
2381
2382
2383
2384
2385
2387
2388
2390
2392
2393
2394
2396
2397
2399
2400
2402
2404
2405
2406
2407
2408
2410
2412
2413
2414
2416
2418
2420
2421
2422
2423
2424
2425
2426
2427
2428
2429
2430
2432
2433
2434
2435
2437
2438
2439
2440
2441
2442
2443
2444
2445
2446
2447
2448
2450
2452
2454
2456
2457
2458
2459
2461
2464
2465
2466
2467
2468
2469
2470
2471
2472
2473
2475
2476
2477
2479
2480
2481
2482
2483
2484
2486
2487
2488
2490
2491
2492
2493
2495
2496
2497
2499
2500
2501
2502
2503
2504
2505
2506
2507
2508
2510
2511
2512
2513
2515
2516
2517
2518
2519
2520
2521
2522
2523
2525
2526
2528
2530
2531
2532
2533
2534
2535
2536
2537
2538
2540
2541
2542
2543
2544
2545
2547
2548
2549
2551
2552
2553
2554
2556
2557
2559
2560
2561
2562
2563
2564
2565
2566
2567
2568
2569
2570
2571
2572
2573
2574
2575
2576
2577
2578
2581
2582
2583
2585
2586
2587
2589
2590
2591
2592
2594
2595
2597
2598
2599
2600
2602
2603
2604
2605
2607
2609
2610
2612
2613
2614
2615
2616
2617
2619
2621
2622
2623
2624
2625
2626
2627
2628
2629
2630
2631
2632
2633
2634
2639
2640
2641
2642
2643
2644
2645
2646
2648
2649
2651
2652
2653
2654
2655
2656
2657
2658
2659
2660
2662
2663
2664
2665
2666
2669
2670
2671
2672
2673
2674
2675
2676
2677
2678
2680
2681
2682
2683
2684
2685
2686
2688
2689
2691
2694
2695
2697
2699
2700
2702
2703
2704
2705
2706
2707
2708
2711
2712
2713
2714
2715
2716
2717
2719
2720
2721
2723
2725
2730
2731
2732
2733
2736
2737
2738
2739
2741
2742
2743
2744
2746
2747
2748
2750
2751
2752
2754
2755
2758
2759
2762
2763
2764
2766
2767
2768
2769
2770
2771
2772
2773
2774
2775
2777
2781
2782
2783
2784
2785
2786
2787
2789
2790
2791
2792
2793
2794
2795
2796
2797
2798
2799
2800
2801
2803
2805
2806
2809
2811
2813
2814
2815
2816
2817
2818
2820
2821
2822
2823
2824
2825
2826
2827
2828
2829
2830
2831
2832
2833
2834
2835
2836
2839
2840
2842
2843
2844
2845
2846
2847
2848
2849
2850
2852
2853
2855
2857
2858
2860
2861
2864
2865
2866
2867
2868
2869
2870
2871
2872
2873
2874
2875
2876
2877
2878
2879
2880
2881
2884
2885
2887
2891
2892
2893
2894
2895
2896
2897
2898
2900
2901
2902
2904
2905
2906
2907
2908
2909
2910
2911
2912
2913
2914
2916
2918
2919
2921
2922
2923
2924
2925
2926
2928
2929
2931
2932
2933
2934
2937
2938
2939
2940
2942
2943
2944
2945
2948
2949
2950
2951
2952
2953
2954
2955
2956
2957
2958
2959
2960
2961
2962
2964
2965
2966
2967
2968
2969
2971
2972
2973
2974
2975
2976
2977
2978
2979
2980
2982
2984
2985
2986
2987
2988
2989
2990
2992
2993
2994
2995
2996
2997
2998
3001
3002
3004
3006
3008
3009
3010
3012
3014
3015
3016
3017
3018
3019
3022
3023
3024
3025
3026
3028
3032
3033
3035
3036
3037
3038
3039
3040
3041
3042
3043
3044
3045
3047
3048
3049
3050
3051
3052
3053
3054
3055
3057
3058
3059
3060
3061
3063
3065
3066
3067
3069
3070
3071
3072
3074
3075
3079
3081
3082
3083
3084
3085
3086
3087
3088
3090
3092
3094
3095
3099
3101
3102
3105
3106
3107
3108
3109
3110
3111
3112
3113
3114
3115
3118
3122
3123
3124
3125
3126
3127
3129
3130
3131
3132
3133
3134
3136
3137
3138
3140
3143
3144
3145
3146
3147
3148
3149
3150
3151
3152
3154
3155
3156
3157
3158
3159
3160
3161
3162
3163
3164
3165
3166
3168
3170
3171
3172
3173
3174
3175
3176
3177
3179
3181
3184
3186
3187
3190
3191
3192
3193
3196
3197
3198
3200
3202
3203
3208
3211
3212
3213
3214
3215
3216
3217
3218
3219
3221
3222
3223
3224
3225
3226
3228
3231
3232
3233
3234
3235
3237
3238
3242
3244
3246
3250
3252
3253
3254
3256
3258
3262
3264
3265
3266
3267
3268
3269
3270
3271
3272
3273
3274
3276
3277
3278
3280
3281
3282
3283
3284
3285
3286
3288
3289
3290
3291
3292
3294
3295
3296
3297
3299
3300
3301
3305
3306
3307
3309
3310
3311
3312
3313
3314
3315
3316
3317
3318
3319
3320
3322
3323
3325
3328
3330
3331
3332
3333
3335
3336
3337
3340
3342
3343
3344
3348
3349
3350
3351
3354
3355
3356
3357
3358
3359
3360
3361
3362
3364
3365
3367
3369
3370
3371
3372
3373
3374
3375
3376
3377
3378
3380
3381
3382
3384
3385
3387
3388
3389
3390
3391
3392
3393
3394
3395
3397
3398
3402
3403
3404
3405
3406
3407
3408
3409
3412
3413
3414
3415
3417
3418
3420
3421
3422
3423
3425
3426
3428
3429
3430
3431
3433
3434
3435
3436
3437
3438
3439
3440
3442
3443
3444
3445
3446
3447
3448
3449
3451
3455
3456
3457
3459
3461
3462
3463
3464
3465
3466
3467
3468
3469
3470
3473
3474
3476
3477
3478
3480
3481
3482
3486
3488
3489
3491
3492
3493
3494
3495
3496
3497
3498
3499
3500
3501
3502
3503
3504
3505
3506
3507
3510
3511
3512
3513
3514
3515
3516
3517
3518
3519
3520
3521
3522
3523
3524
3525
3527
3528
3529
3531
3533
3534
3535
3536
3537
3539
3542
3544
3545
3549
3550
3552
3553
3554
3555
3556
3558
3559
3561
3562
3563
3564
3565
3566
3568
3571
3572
3573
3574
3575
3576
3577
3578
3579
3580
3581
3583
3584
3586
3587
3588
3591
3593
3595
3596
3598
3599
3600
3601
3602
3604
3605
3606
3608
3609
3611
3613
3614
3618
3619
3620
3621
3622
3623
3625
3627
3630
3631
3632
3633
3634
3635
3636
3637
3638
3639
3641
3642
3644
3645
3646
3648
3651
3653
3654
3655
3658
3660
3661
3662
3663
3664
3665
3667
3668
3669
3670
3672
3675
3676
3677
3678
3679
3680
3681
3682
3683
3684
3687
3689
3690
3692
3693
3696
3697
3700
3701
3702
3703
3704
3705
3706
3708
3709
3710
3711
3712
3714
3715
3716
3718
3719
3720
3721
3722
3723
3725
3726
3727
3728
3729
3730
3731
3732
3733
3735
3736
3738
3740
3741
3742
3743
3745
3746
3747
3748
3749
3750
3751
3752
3753
3756
3757
3758
3759
3762
3764
3765
3766
3768
3771
3772
3773
3774
3776
3778
3780
3783
3787
3789
3790
3791
3793
3794
3795
3796
3797
3798
3799
3802
3803
3804
3805
3806
3807
3808
3809
3810
3811
3812
3813
3814
3815
3816
3817
3820
3821
3827
3828
3829
3831
3832
3833
3835
3839
3840
3841
3842
3843
3845
3847
3848
3853
3854
3855
3856
3858
3860
3863
3864
3868
3869
3870
3874
3875
3876
3878
3879
3882
3883
3884
3885
3886
3888
3889
3891
3892
3895
3897
3898
3899
3900
3902
3903
3905
3906
3911
3913
3915
3916
3919
3920
3921
3922
3923
3924
3925
3926
3927
3928
3929
3930
3931
3934
3935
3936
3938
3940
3943
3944
3945
3946
3947
3949
3950
3952
3953
3954
3955
3956
3957
3958
3959
3960
3962
3964
3965
3967
3972
3975
3976
3977
3978
3979
3980
3981
3982
3983
3984
3985
3986
3988
3989
3990
3991
3992
3993
3994
3995
3996
3997
3999
4000
4001
4002
4003
4004
4005
4006
4008
4009
4010
4011
4012
4013
4016
4017
4019
4021
4022
4023
4024
4025
4026
4028
4030
4031
4034
4035
4036
4037
4038
4040
4041
4042
4044
4045
4046
4047
4048
4050
4051
4052
4053
4054
4055
4056
4057
4058
4059
4060
4062
4063
4064
4065
4067
4068
4069
4071
4072
4074
4075
4076
4077
4079
4081
4082
4084
4087
4088
4089
4090
4091
4092
4093
4094
4097
4098
4100
4101
4102
4104
4105
4106
4107
4108
4109
4111
4115
4119
4120
4122
4125
4127
4128
4129
4130
4131
4132
4133
4137
4138
4139
4143
4144
4145
4146
4147
4148
4149
4150
4152
4154
4156
4158
4160
4161
4162
4164
4165
4166
4168
4169
4172
4173
4174
4175
4176
4177
4178
4179
4180
4181
4182
4185
4188
4190
4191
4192
4193
4194
4195
4196
4197
4199
4202
4203
4205
4206
4207
4210
4211
4212
4213
4216
4217
4219
4220
4221
4222
4224
4225
4227
4228
4229
4230
4232
4233
4234
4236
4237
4238
4240
4241
4242
4243
4244
4245
4246
4248
4249
4251
4252
4253
4254
4255
4257
4258
4259
4260
4261
4262
4263
4265
4268
4270
4272
4273
4274
4275
4276
4277
4278
4279
4281
4282
4283
4284
4285
4286
4288
4289
4290
4291
4292
4293
4299
4300
4303
4304
4306
4307
4308
4309
4310
4312
4313
4314
4317
4319
4321
4322
4323
4324
4325
4327
4329
4332
4334
4335
4336
4338
4339
4341
4342
4343
4344
4345
4346
4350
4351
4354
4356
4360
4361
4362
4364
4368
4370
4371
4373
4374
4375
4377
4378
4379
4380
4381
4384
4386
4391
4393
4394
4395
4396
4397
4405
4406
4407
4409
4410
4413
4415
4416
4417
4418
4420
4422
4424
4425
4426
4427
4428
4429
4430
4431
4433
4434
4435
4436
4437
4438
4439
4440
4441
4442
4443
4444
4447
4448
4449
4450
4451
4452
4455
4456
4457
4458
4459
4460
4461
4462
4463
4466
4468
4471
4472
4473
4475
4478
4479
4480
4481
4482
4483
4485
4486
4487
4489
4490
4493
4494
4495
4496
4497
4498
4499
4500
4501
4502
4503
4505
4507
4508
4512
4515
4516
4518
4520
4522
4523
4524
4525
4527
4528
4530
4531
4532
4534
4535
4536
4537
4538
4539
4540
4541
4542
4543
4544
4545
4546
4547
4549
4550
4551
4553
4555
4556
4557
4559
4560
4561
4562
4563
4565
4566
4568
4570
4573
4575
4577
4578
4581
4582
4583
4586
4587
4588
4589
4590
4592
4593
4595
4598
4599
4601
4602
4603
4608
4609
4610
4611
4612
4613
4614
4615
4616
4617
4618
4619
4620
4621
4622
4623
4625
4626
4628
4629
4631
4633
4635
4637
4639
4644
4645
4648
4649
4650
4651
4653
4654
4657
4659
4660
4661
4663
4664
4666
4667
4670
4671
4672
4673
4674
4676
4677
4678
4679
4680
4682
4684
4686
4687
4688
4689
4691
4692
4693
4694
4695
4696
4697
4699
4701
4702
4703
4704
4706
4710
4711
4713
4714
4715
4716
4718
4719
4722
4723
4727
4729
4730
4732
4736
4738
4740
4741
4744
4745
4746
4747
4748
4749
4750
4751
4752
4754
4757
4758
4759
4761
4762
4763
4764
4766
4767
4771
4774
4775
4777
4778
4779
4780
4782
4786
4789
4790
4791
4792
4794
4795
4796
4799
4800
4801
4802
4803
4804
4805
4806
4807
4808
4809
4810
4811
4816
4817
4818
4821
4823
4825
4826
4827
4829
4830
4831
4833
4834
4836
4838
4839
4841
4842
4844
4847
4848
4851
4852
4853
4856
4858
4859
4860
4862
4863
4866
4868
4873
4874
4875
4876
4878
4879
4880
4881
4884
4885
4886
4887
4888
4889
4890
4891
4895
4896
4898
4899
4902
4904
4905
4906
4908
4909
4910
4911
4912
4913
4916
4917
4918
4919
4920
4922
4923
4924
4925
4927
4928
4929
4933
4934
4935
4936
4937
4939
4941
4942
4944
4945
4946
4947
4950
4951
4952
4953
4954
4955
4956
4957
4958
4959
4961
4962
4963
4965
4967
4968
4970
4971
4972
4973
4974
4977
4978
4979
4980
4981
4982
4983
4984
4985
4987
4989
4990
4992
4995
4996
4997
5000
5003
5004
5007
5008
5010
5013
5014
5015
5016
5018
5019
5020
5022
5023
5024
5025
5027
5028
5029
5031
5032
5036
5037
5038
5039
5040
5041
5042
5043
5044
5045
5046
5048
5052
5053
5055
5057
5058
5059
5062
5064
5065
5067
5068
5069
5070
5071
5072
5073
5074
5076
5077
5078
5079
5080
5081
5084
5087
5088
5089
5090
5091
5093
5094
5095
5096
5097
5098
5099
5104
5106
5110
5111
5112
5113
5115
5116
5117
5118
5119
5120
5121
5122
5123
5125
5126
5128
5129
5132
5134
5135
5136
5137
5138
5140
5141
5142
5143
5144
5146
5147
5148
5149
5150
5151
5152
5154
5157
5158
5160
5161
5162
5164
5165
5166
5167
5168
5169
5170
5171
5173
5174
5175
5176
5177
5180
5181
5182
5183
5184
5186
5187
5188
5189
5190
5192
5193
5197
5198
5199
5200
5201
5202
5203
5206
5208
5210
5213
5215
5216
5218
5222
5223
5224
5225
5226
5227
5228
5231
5232
5235
5236
5237
5238
5242
5245
5246
5247
5248
5251
5252
5253
5254
5255
5258
5259
5261
5262
5263
5264
5265
5267
5268
5270
5271
5272
5273
5274
5275
5281
5282
5283
5284
5285
5287
5288
5289
5290
5291
5292
5293
5296
5298
5299
5302
5303
5304
5305
5306
5307
5308
5310
5313
5314
5317
5318
5320
5323
5324
5326
5327
5328
5330
5331
5332
5334
5335
5337
5338
5339
5340
5342
5344
5346
5347
5348
5350
5351
5353
5354
5355
5356
5357
5358
5359
5362
5363
5364
5365
5368
5369
5370
5371
5372
5373
5374
5375
5376
5378
5380
5384
5385
5386
5391
5392
5394
5396
5397
5399
5400
5401
5402
5404
5405
5406
5407
5408
5409
5411
5413
5414
5416
5417
5418
5419
5420
5423
5425
5426
5427
5428
5433
5434
5435
5436
5437
5438
5443
5444
5445
5446
5447
5449
5450
5453
5454
5455
5456
5457
5458
5460
5461
5467
5468
5469
5471
5473
5474
5475
5477
5478
5479
5480
5482
5483
5484
5486
5487
5488
5489
5490
5491
5492
5494
5495
5497
5499
5500
5501
5502
5503
5505
5506
5508
5509
5511
5513
5514
5515
5520
5521
5527
5529
5530
5532
5533
5534
5535
5536
5537
5541
5544
5545
5546
5549
5550
5553
5555
5557
5558
5559
5560
5562
5564
5565
5566
5568
5570
5571
5574
5575
5576
5577
5578
5579
5582
5583
5584
5585
5586
5587
5588
5590
5593
5594
5597
5598
5599
5600
5601
5602
5603
5604
5605
5606
5607
5608
5609
5610
5611
5612
5615
5617
5618
5619
5620
5621
5627
5628
5629
5630
5633
5634
5637
5638
5639
5642
5643
5645
5646
5647
5649
5652
5653
5654
5657
5658
5659
5660
5661
5666
5667
5668
5671
5672
5673
5674
5675
5676
5677
5681
5682
5683
5684
5685
5686
5687
5688
5689
5692
5695
5696
5697
5698
5699
5702
5706
5707
5708
5710
5712
5715
5717
5718
5721
5722
5725
5726
5727
5728
5730
5731
5732
5733
5734
5736
5737
5738
5740
5741
5742
5743
5745
5746
5747
5748
5749
5750
5751
5752
5754
5755
5756
5757
5758
5759
5761
5762
5763
5764
5769
5770
5771
5772
5774
5775
5777
5778
5780
5781
5785
5786
5787
5788
5789
5790
5791
5792
5793
5794
5799
5800
5802
5803
5804
5805
5807
5808
5814
5816
5818
5821
5822
5823
5824
5826
5829
5830
5832
5834
5836
5837
5839
5840
5842
5843
5844
5846
5847
5852
5853
5854
5855
5857
5860
5861
5865
5868
5871
5872
5874
5875
5876
5877
5878
5880
5882
5883
5886
5887
5888
5889
5891
5893
5894
5895
5896
5900
5901
5902
5903
5904
5906
5908
5910
5911
5914
5915
5916
5917
5919
5920
5921
5924
5925
5926
5927
5928
5933
5934
5935
5937
5939
5940
5943
5944
5945
5946
5947
5948
5950
5951
5952
5953
5954
5955
5956
5959
5961
5966
5968
5970
5971
5972
5975
5976
5978
5979
5981
5982
5983
5985
5986
5987
5989
5990
5991
5994
5995
5996
5999
6000
6001
6004
6006
6007
6008
6009
6011
6014
6015
6018
6019
6020
6021
6022
6025
6026
6027
6030
6031
6032
6033
6038
6039
6040
6041
6042
6043
6044
6045
6046
6047
6052
6054
6057
6058
6060
6061
6063
6064
6065
6066
6067
6069
6072
6073
6077
6078
6081
6082
6083
6084
6087
6089
6090
6093
6094
6095
6097
6101
6102
6103
6107
6108
6109
6113
6114
6116
6117
6118
6119
6122
6125
6126
6129
6130
6131
6132
6133
6134
6136
6139
6140
6142
6144
6145
6146
6148
6149
6150
6151
6153
6154
6157
6160
6163
6166
6167
6169
6171
6173
6175
6176
6177
6182
6183
6184
6186
6187
6188
6189
6193
6195
6196
6197
6198
6199
6200
6202
6203
6204
6205
6206
6207
6208
6209
6210
6211
6214
6217
6218
6220
6221
6224
6225
6227
6228
6229
6232
6233
6235
6239
6241
6243
6244
6245
6246
6248
6249
6250
6251
6253
6254
6256
6257
6260
6262
6263
6267
6268
6269
6274
6276
6277
6278
6279
6280
6281
6282
6283
6285
6287
6289
6292
6295
6297
6298
6299
6301
6302
6304
6306
6308
6309
6310
6311
6313
6314
6316
6319
6320
6322
6323
6325
6326
6327
6328
6329
6330
6333
6334
6336
6338
6339
6342
6343
6347
6354
6355
6356
6357
6358
6359
6362
6363
6364
6365
6367
6368
6369
6370
6373
6374
6375
6378
6379
6380
6381
6382
6383
6384
6386
6387
6391
6392
6396
6397
6398
6399
6401
6402
6403
6405
6406
6409
6411
6418
6419
6420
6421
6424
6425
6426
6427
6428
6430
6433
6434
6435
6436
6438
6440
6441
6442
6447
6450
6452
6454
6456
6457
6459
6462
6463
6464
6465
6466
6469
6470
6472
6473
6477
6479
6481
6483
6486
6487
6488
6489
6491
6497
6500
6501
6503
6504
6505
6507
6508
6511
6513
6515
6516
6517
6518
6519
6521
6522
6523
6525
6526
6527
6528
6529
6530
6531
6532
6533
6534
6536
6538
6539
6540
6542
6544
6545
6546
6547
6548
6549
6550
6551
6552
6553
6554
6555
6556
6557
6558
6560
6561
6563
6564
6566
6568
6570
6572
6575
6576
6577
6579
6581
6587
6589
6590
6592
6593
6594
6596
6599
6600
6601
6602
6603
6604
6606
6607
6608
6609
6610
6611
6612
6613
6614
6615
6616
6617
6618
6620
6622
6625
6627
6630
6631
6632
6633
6634
6635
6637
6638
6639
6640
6641
6642
6643
6644
6645
6646
6647
6649
6653
6656
6659
6660
6662
6663
6665
6666
6667
6668
6669
6670
6672
6673
6675
6676
6677
6679
6681
6684
6686
6687
6688
6689
6692
6694
6696
6698
6699
6700
6701
6702
6704
6705
6707
6708
6711
6713
6716
6717
6718
6720
6721
6723
6724
6725
6726
6728
6729
6731
6734
6735
6737
6738
6741
6742
6744
6745
6746
6747
6748
6749
6750
6751
6754
6758
6759
6761
6762
6763
6766
6767
6768
6769
6771
6773
6774
6775
6776
6778
6779
6780
6781
6784
6785
6787
6790
6794
6795
6798
6799
6802
6803
6804
6805
6807
6811
6812
6813
6814
6816
6817
6825
6826
6829
6830
6835
6836
6839
6843
6844
6847
6848
6849
6851
6857
6858
6859
6860
6862
6863
6864
6865
6866
6867
6868
6871
6872
6874
6878
6879
6880
6881
6885
6886
6889
6891
6892
6897
6898
6900
6901
6902
6903
6905
6907
6909
6914
6915
6916
6918
6920
6922
6925
6929
6931
6934
6936
6937
6941
6942
6943
6946
6947
6948
6949
6950
6951
6952
6957
6958
6960
6961
6962
6964
6966
6967
6969
6970
6971
6972
6973
6974
6975
6976
6978
6980
6982
6983
6985
6986
6987
6988
6989
6991
6992
6994
6995
6999
7001
7002
7003
7004
7006
7007
7008
7009
7010
7012
7014
7016
7018
7019
7021
7023
7025
7026
7027
7028
7030
7031
7032
7033
7035
7038
7040
7041
7042
7044
7047
7048
7049
7053
7054
7056
7058
7059
7060
7062
7063
7072
7073
7075
7076
7077
7078
7080
7081
7082
7086
7087
7088
7090
7091
7092
7095
7096
7098
7099
7101
7102
7104
7106
7107
7108
7110
7111
7116
7117
7119
7120
7121
7122
7123
7125
7127
7130
7131
7133
7135
7136
7137
7139
7140
7141
7142
7144
7145
7146
7147
7148
7151
7153
7154
7155
7156
7157
7160
7161
7162
7164
7167
7170
7172
7173
7174
7176
7182
7183
7185
7187
7188
7189
7190
7191
7192
7193
7198
7199
7200
7202
7205
7207
7210
7211
7214
7222
7225
7227
7230
7231
7233
7234
7236
7241
7244
7245
7246
7247
7249
7250
7251
7252
7253
7255
7258
7259
7260
7261
7262
7263
7265
7267
7268
7269
7272
7274
7276
7278
7279
7284
7285
7286
7288
7289
7290
7292
7294
7295
7297
7298
7299
7302
7304
7308
7310
7314
7315
7317
7318
7320
7321
7322
7324
7325
7327
7328
7333
7334
7335
7338
7341
7344
7345
7346
7349
7350
7351
7353
7354
7355
7359
7362
7365
7368
7370
7371
7374
7376
7377
7381
7383
7385
7386
7387
7391
7392
7393
7396
7399
7401
7402
7403
7407
7408
7409
7410
7414
7415
7418
7419
7421
7423
7424
7426
7427
7428
7429
7430
7434
7435
7436
7438
7439
7440
7442
7444
7445
7447
7448
7449
7450
7451
7454
7455
7459
7460
7461
7462
7463
7465
7466
7467
7469
7470
7472
7474
7476
7477
7478
7479
7481
7484
7487
7489
7492
7494
7495
7496
7498
7500
7501
7503
7505
7506
7508
7509
7511
7512
7515
7517
7520
7523
7525
7526
7527
7530
7531
7532
7533
7537
7539
7541
7542
7544
7545
7547
7551
7552
7553
7554
7556
7557
7558
7559
7560
7561
7563
7564
7565
7566
7569
7570
7571
7573
7575
7576
7577
7578
7579
7581
7584
7586
7587
7591
7593
7594
7596
7597
7598
7601
7602
7604
7606
7608
7609
7610
7611
7612
7613
7615
7616
7618
7619
7620
7621
7622
7624
7625
7626
7627
7628
7629
7632
7634
7635
7636
7637
7638
7640
7641
7642
7644
7645
7646
7647
7649
7650
7651
7652
7653
7654
7658
7659
7660
7662
7663
7664
7666
7667
7671
7673
7675
7676
7677
7678
7679
7681
7683
7684
7685
7686
7689
7692
7694
7697
7698
7699
7700
7701
7703
7705
7706
7708
7709
7711
7714
7715
7716
7718
7722
7723
7724
7728
7729
7731
7732
7733
7734
7736
7738
7739
7743
7744
7745
7749
7752
7757
7761
7762
7769
7770
7772
7776
7778
7780
7782
7784
7786
7787
7788
7789
7791
7793
7794
7795
7797
7798
7799
7800
7805
7807
7810
7811
7812
7813
7815
7821
7822
7824
7825
7826
7827
7829
7830
7831
7832
7833
7834
7836
7838
7839
7842
7847
7848
7849
7854
7858
7859
7860
7861
7862
7863
7865
7867
7869
7872
7873
7875
7876
7877
7878
7879
7883
7884
7888
7890
7891
7892
7896
7897
7898
7899
7900
7902
7904
7906
7907
7911
7912
7915
7916
7918
7920
7922
7924
7926
7927
7929
7934
7935
7936
7937
7941
7943
7944
7945
7946
7947
7948
7949
7955
7956
7960
7962
7964
7966
7967
7968
7969
7976
7977
7978
7979
7980
7982
7984
7986
7990
7993
7994
7995
8001
8005
8006
8007
8010
8013
8014
8015
8016
8017
8018
8019
8020
8022
8023
8024
8026
8027
8028
8029
8030
8032
8033
8034
8037
8038
8040
8042
8043
8044
8046
8047
8050
8052
8053
8055
8057
8058
8059
8060
8065
8068
8069
8072
8074
8075
8076
8077
8078
8081
8083
8084
8085
8088
8089
8090
8095
8096
8097
8099
8101
8102
8103
8104
8107
8108
8110
8112
8114
8115
8116
8118
8119
8122
8123
8124
8125
8127
8128
8129
8130
8132
8134
8135
8136
8138
8139
8142
8144
8145
8146
8147
8150
8151
8152
8153
8154
8155
8156
8158
8159
8160
8161
8162
8163
8165
8166
8167
8168
8169
8171
8172
8173
8174
8177
8179
8180
8182
8187
8189
8190
8191
8193
8194
8195
8196
8198
8199
8200
8205
8206
8207
8209
8210
8211
8213
8214
8217
8218
8219
8220
8221
8222
8224
8225
8228
8229
8232
8236
8238
8239
8240
8242
8243
8244
8245
8251
8255
8256
8262
8263
8264
8265
8268
8269
8272
8274
8275
8279
8281
8282
8284
8286
8288
8291
8293
8294
8295
8296
8297
8298
8299
8300
8303
8306
8307
8308
8309
8310
8311
8312
8313
8314
8315
8316
8317
8318
8319
8320
8324
8326
8327
8328
8332
8334
8335
8337
8338
8339
8340
8341
8342
8344
8345
8346
8347
8348
8350
8351
8355
8359
8362
8363
8365
8366
8367
8368
8369
8371
8373
8375
8378
8379
8380
8385
8386
8387
8388
8389
8390
8393
8394
8395
8396
8397
8398
8403
8404
8405
8409
8410
8412
8416
8418
8422
8423
8425
8427
8428
8429
8430
8431
8434
8435
8436
8439
8441
8442
8443
8445
8446
8449
8451
8452
8453
8454
8457
8458
8459
8460
8462
8466
8467
8468
8469
8471
8472
8474
8475
8476
8478
8479
8481
8482
8483
8484
8487
8488
8489
8492
8494
8495
8497
8499
8503
8506
8507
8508
8509
8511
8514
8516
8519
8520
8521
8523
8524
8525
8526
8529
8530
8531
8532
8533
8534
8535
8540
8541
8543
8545
8547
8549
8550
8552
8553
8554
8556
8557
8558
8560
8561
8563
8566
8569
8570
8574
8577
8580
8581
8583
8585
8586
8588
8589
8590
8591
8592
8593
8596
8597
8598
8602
8606
8610
8611
8612
8613
8614
8615
8616
8618
8622
8623
8625
8626
8631
8632
8635
8636
8639
8642
8644
8645
8646
8647
8648
8651
8652
8653
8655
8656
8657
8658
8659
8660
8661
8662
8665
8666
8668
8670
8671
8677
8678
8679
8680
8681
8685
8686
8687
8689
8692
8694
8695
8696
8698
8699
8701
8702
8703
8704
8705
8708
8712
8713
8714
8717
8719
8721
8722
8723
8724
8725
8728
8731
8732
8733
8734
8735
8736
8737
8739
8742
8743
8744
8746
8750
8751
8752
8753
8754
8755
8756
8757
8758
8759
8760
8761
8764
8767
8770
8771
8772
8775
8777
8778
8779
8780
8783
8785
8788
8790
8794
8795
8796
8797
8798
8804
8805
8806
8808
8811
8817
8818
8820
8821
8823
8825
8826
8827
8829
8831
8833
8836
8837
8838
8839
8842
8843
8844
8845
8846
8848
8849
8850
8851
8852
8855
8856
8857
8860
8862
8863
8865
8866
8867
8868
8869
8871
8872
8873
8874
8876
8877
8879
8880
8882
8883
8884
8887
8888
8890
8891
8892
8895
8896
8898
8900
8901
8903
8904
8905
8906
8908
8909
8910
8911
8913
8914
8915
8917
8919
8920
8921
8922
8924
8925
8926
8927
8928
8930
8931
8932
8933
8934
8935
8938
8943
8944
8947
8948
8952
8953
8955
8956
8957
8958
8959
8962
8966
8969
8972
8973
8975
8976
8977
8978
8979
8981
8982
8984
8985
8987
8988
8989
8990
8991
8992
8993
8994
8996
8997
8999
9003
9006
9008
9009
9010
9011
9012
9013
9017
9019
9020
9021
9023
9025
9028
9030
9032
9033
9034
9035
9036
9037
9038
9039
9042
9043
9046
9048
9051
9052
9053
9055
9057
9060
9062
9063
9064
9066
9067
9069
9070
9071
9072
9073
9075
9077
9082
9084
9085
9087
9088
9089
9090
9092
9093
9094
9097
9100
9101
9102
9104
9105
9107
9109
9110
9111
9115
9116
9118
9119
9121
9125
9128
9129
9133
9134
9138
9141
9143
9146
9147
9149
9150
9153
9154
9155
9158
9159
9162
9163
9166
9167
9168
9170
9172
9175
9176
9178
9181
9182
9184
9186
9187
9188
9189
9190
9191
9192
9194
9195
9196
9197
9201
9202
9205
9207
9209
9212
9213
9215
9216
9217
9218
9221
9222
9226
9230
9231
9233
9234
9235
9237
9238
9239
9240
9241
9242
9247
9251
9252
9253
9255
9257
9261
9262
9264
9265
9266
9267
9272
9273
9274
9277
9278
9280
9282
9283
9284
9286
9287
9288
9290
9292
9293
9297
9298
9299
9301
9302
9304
9305
9306
9307
9308
9310
9311
9319
9321
9323
9325
9326
9327
9328
9331
9333
9336
9337
9338
9339
9340
9341
9342
9343
9344
9345
9348
9351
9352
9353
9354
9356
9357
9358
9362
9363
9366
9367
9369
9370
9371
9372
9373
9374
9375
9376
9378
9381
9384
9385
9386
9391
9393
9395
9397
9398
9400
9402
9403
9405
9409
9410
9411
9412
9415
9416
9417
9418
9419
9420
9423
9424
9425
9426
9427
9428
9431
9433
9434
9435
9441
9443
9445
9446
9450
9453
9454
9455
9461
9463
9464
9466
9468
9469
9471
9472
9474
9475
9476
9477
9478
9481
9485
9490
9493
9494
9495
9496
9497
9500
9501
9502
9504
9508
9509
9512
9515
9516
9517
9521
9526
9527
9529
9535
9536
9537
9538
9542
9543
9545
9546
9548
9550
9553
9555
9557
9559
9562
9563
9566
9568
9569
9571
9572
9575
9576
9577
9579
9581
9583
9584
9585
9586
9590
9592
9596
9599
9601
9602
9607
9609
9610
9612
9615
9617
9620
9622
9623
9626
9627
9628
9632
9633
9634
9635
9636
9637
9638
9640
9643
9645
9646
9648
9649
9651
9654
9655
9656
9657
9659
9660
9663
9664
9665
9666
9667
9668
9669
9672
9674
9675
9676
9679
9685
9687
9688
9690
9691
9694
9696
9697
9699
9703
9705
9707
9709
9710
9711
9712
9714
9715
9716
9720
9721
9722
9724
9726
9727
9731
9732
9733
9734
9735
9737
9738
9739
9740
9742
9743
9744
9747
9749
9750
9753
9754
9755
9758
9761
9764
9766
9767
9768
9770
9772
9774
9778
9779
9781
9782
9785
9787
9788
9789
9790
9791
9795
9797
9798
9801
9802
9803
9804
9806
9808
9809
9811
9814
9815
9816
9817
9819
9823
9825
9828
9829
9830
9831
9832
9833
9834
9841
9845
9849
9851
9853
9856
9858
9859
9861
9865
9867
9868
9872
9874
9878
9879
9880
9882
9884
9885
9886
9888
9889
9890
9894
9896
9905
9906
9907
9909
9911
9912
9918
9919
9920
9923
9924
9925
9926
9927
9933
9936
9937
9944
9945
9947
9948
9949
9951
9952
9954
9956
9957
9959
9960
9962
9964
9966
9968
9969
9970
9971
9973
9974
9975
9976
9978
9979
9980
9981
9986
9987
9988
9989
9990
9991
9992
9995
9997
10000
10001
10002
10003
10006
10012
10014
10016
10017
10020
10021
10024
10027
10028
10029
10031
10032
10034
10037
10039
10041
10046
10052
10053
10055
10059
10060
10065
10067
10071
10073
10076
10077
10079
10082
10083
10085
10087
10088
10089
10091
10092
10094
10095
10098
10102
10103
10107
10108
10112
10114
10115
10116
10121
10122
10123
10125
10128
10130
10132
10133
10134
10138
10146
10147
10152
10153
10155
10156
10159
10162
10165
10168
10169
10177
10180
10182
10184
10185
10188
10190
10191
10194
10195
10198
10202
10203
10205
10206
10208
10209
10212
10213
10216
10217
10218
10219
10220
10222
10223
10226
10229
10230
10231
10232
10234
10235
10236
10238
10240
10241
10242
10243
10248
10250
10255
10256
10257
10260
10261
10263
10265
10267
10268
10269
10272
10273
10275
10276
10277
10278
10279
10281
10283
10284
10286
10287
10288
10289
10292
10294
10295
10296
10297
10298
10299
10300
10301
10302
10304
10306
10307
10309
10310
10311
10313
10314
10315
10316
10317
10318
10319
10320
10321
10322
10324
10327
10329
10330
10331
10332
10333
10334
10336
10337
10339
10341
10342
10343
10345
10346
10347
10350
10355
10356
10357
10358
10361
10362
10365
10366
10369
10371
10372
10374
10377
10378
10379
10381
10382
10383
10384
10386
10390
10392
10394
10398
10399
10400
10403
10406
10408
10409
10414
10415
10416
10419
10424
10425
10426
10431
10432
10433
10434
10435
10436
10437
10442
10445
10447
10450
10451
10457
10458
10459
10460
10464
10466
10467
10469
10472
10473
10474
10478
10479
10480
10481
10483
10484
10485
10486
10487
10490
10491
10492
10493
10494
10495
10497
10500
10501
10502
10503
10504
10505
10506
10508
10512
10515
10517
10518
10521
10522
10523
10524
10525
10528
10530
10532
10534
10535
10536
10539
10540
10542
10545
10548
10551
10553
10558
10560
10561
10562
10565
10570
10573
10574
10576
10578
10579
10580
10582
10583
10588
10590
10591
10592
10593
10596
10598
10601
10602
10603
10604
10610
10612
10613
10614
10615
10616
10618
10620
10621
10624
10625
10630
10631
10633
10634
10636
10639
10640
10641
10642
10643
10649
10650
10653
10655
10657
10659
10660
10662
10665
10668
10672
10673
10674
10675
10677
10678
10681
10684
10686
10691
10694
10695
10696
10698
10699
10700
10701
10705
10706
10708
10709
10710
10711
10712
10713
10714
10723
10724
10727
10728
10729
10730
10732
10733
10734
10736
10738
10739
10742
10743
10744
10746
10747
10749
10752
10754
10755
10757
10758
10759
10761
10762
10763
10764
10767
10768
10771
10772
10776
10778
10779
10782
10787
10789
10793
10795
10796
10800
10804
10806
10807
10809
10811
10812
10813
10814
10816
10817
10825
10828
10829
10832
10834
10835
10836
10837
10839
10840
10842
10843
10844
10845
10846
10847
10851
10853
10855
10856
10859
10861
10862
10863
10866
10868
10870
10873
10876
10877
10884
10885
10886
10890
10891
10892
10895
10897
10898
10899
10901
10904
10911
10912
10913
10916
10917
10920
10923
10926
10927
10930
10931
10934
10937
10938
10944
10946
10950
10951
10953
10954
10956
10957
10959
10960
10962
10964
10966
10968
10970
10971
10973
10976
10977
10978
10979
10984
10985
10986
10988
10993
10997
10999
11000
11002
11007
11008
11009
11010
11012
11013
11014
11018
11021
11022
11024
11025
11026
11028
11033
11034
11036
11038
11039
11040
11045
11046
11047
11048
11049
11052
11053
11055
11058
11061
11063
11064
11065
11066
11069
11071
11072
11073
11074
11076
11077
11079
11081
11084
11087
11089
11090
11091
11092
11093
11096
11105
11106
11107
11112
11114
11116
11117
11118
11119
11121
11122
11124
11125
11127
11128
11130
11133
11134
11135
11136
11137
11140
11143
11146
11147
11149
11158
11159
11160
11163
11164
11167
11171
11172
11173
11174
11176
11177
11179
11180
11181
11185
11188
11189
11192
11194
11196
11197
11198
11201
11205
11206
11208
11209
11210
11211
11212
11214
11215
11217
11218
11219
11220
11222
11223
11227
11229
11231
11233
11236
11238
11240
11241
11242
11244
11246
11248
11249
11250
11253
11255
11256
11257
11258
11260
11261
11264
11265
11266
11267
11268
11270
11271
11272
11274
11278
11279
11280
11287
11290
11291
11293
11295
11296
11298
11299
11300
11302
11304
11305
11306
11309
11311
11312
11313
11316
11318
11319
11320
11321
11324
11325
11326
11327
11329
11330
11331
11336
11340
11346
11347
11348
11351
11352
11353
11354
11355
11356
11357
11359
11360
11361
11363
11368
11372
11379
11380
11383
11386
11393
11394
11395
11396
11398
11399
11402
11404
11406
11407
11409
11411
11413
11414
11415
11421
11424
11425
11426
11429
11432
11433
11434
11436
11438
11439
11440
11441
11442
11443
11447
11450
11452
11455
11457
11458
11459
11461
11465
11467
11469
11474
11477
11478
11481
11483
11484
11486
11488
11490
11491
11493
11495
11496
11497
11498
11499
11500
11501
11503
11504
11508
11510
11511
11513
11514
11518
11519
11521
11525
11529
11533
11534
11535
11538
11540
11541
11542
11543
11544
11545
11547
11551
11553
11554
11555
11556
11559
11560
11562
11564
11565
11566
11567
11568
11570
11571
11572
11573
11583
11585
11587
11590
11591
11592
11593
11595
11597
11602
11603
11604
11605
11606
11607
11609
11611
11612
11614
11615
11616
11618
11620
11621
11622
11632
11634
11635
11637
11639
11640
11641
11643
11644
11646
11648
11650
11652
11654
11655
11656
11658
11661
11665
11666
11667
11668
11669
11670
11671
11673
11676
11678
11679
11680
11681
11684
11686
11688
11690
11691
11693
11694
11698
11699
11704
11706
11707
11710
11712
11715
11716
11717
11718
11721
11722
11728
11729
11730
11733
11740
11741
11743
11744
11745
11746
11747
11748
11751
11752
11753
11758
11761
11762
11763
11765
11767
11771
11774
11775
11776
11778
11781
11782
11783
11784
11785
11787
11788
11789
11790
11791
11794
11798
11799
11800
11803
11804
11805
11806
11807
11811
11817
11818
11820
11821
11822
11823
11825
11827
11829
11832
11835
11836
11837
11838
11839
11843
11847
11849
11851
11853
11855
11856
11857
11858
11859
11861
11862
11863
11870
11871
11872
11873
11877
11878
11879
11880
11881
11882
11883
11886
11889
11895
11896
11897
11898
11899
11900
11901
11905
11906
11909
11910
11912
11916
11917
11918
11924
11925
11927
11930
11931
11932
11936
11937
11939
11940
11946
11948
11949
11950
11955
11957
11958
11959
11960
11961
11962
11963
11964
11965
11967
11968
11969
11971
11973
11974
11976
11977
11979
11980
11982
11983
11985
11986
11987
11988
11993
11994
11999
12000
12005
12006
12008
12013
12017
12019
12022
12023
12025
12026
12028
12029
12034
12037
12041
12043
12044
12045
12049
12051
12052
12054
12055
12058
12060
12062
12071
12076
12077
12080
12082
12083
12086
12087
12088
12089
12090
12091
12092
12097
12098
12100
12101
12102
12103
12104
12105
12107
12110
12113
12115
12117
12119
12123
12128
12131
12132
12133
12134
12140
12143
12147
12149
12150
12152
12153
12154
12160
12161
12163
12164
12165
12166
12167
12168
12171
12179
12180
12182
12183
12184
12185
12187
12188
12192
12193
12194
12195
12197
12201
12204
12205
12207
12208
12211
12212
12214
12215
12216
12217
12218
12219
12221
12222
12224
12230
12234
12237
12238
12239
12242
12243
12244
12246
12250
12253
12254
12258
12259
12261
12262
12263
12264
12265
12268
12269
12270
12272
12273
12275
12277
12278
12282
12283
12291
12294
12296
12297
12298
12300
12303
12304
12305
12306
12309
12311
12316
12317
12321
12322
12325
12331
12333
12335
12336
12337
12338
12339
12340
12343
12347
12351
12354
12358
12361
12366
12370
12376
12377
12379
12380
12381
12384
12388
12389
12390
12391
12393
12394
12396
12400
12402
12404
12405
12406
12408
12410
12414
12415
12417
12421
12422
12423
12427
12430
12431
12435
12436
12437
12439
12443
12444
12448
12450
12452
12457
12458
12459
12460
12461
12462
12463
12464
12472
12473
12475
12477
12480
12482
12483
12484
12485
12490
12492
12493
12494
12495
12496
12497
12498
12500
12502
12509
12510
12513
12516
12518
12520
12523
12524
12525
12527
12529
12530
12532
12533
12536
12537
12538
12539
12545
12546
12548
12550
12554
12556
12557
12558
12559
12561
12562
12563
12564
12566
12567
12569
12571
12572
12574
12576
12577
12578
12579
12580
12581
12582
12583
12584
12586
12587
12594
12597
12604
12606
12607
12609
12610
12611
12613
12615
12616
12618
12619
12621
12623
12624
12626
12627
12629
12630
12631
12633
12636
12637
12639
12640
12642
12645
12647
12648
12649
12650
12651
12654
12655
12659
12661
12662
12663
12669
12671
12672
12675
12678
12681
12685
12689
12690
12691
12692
12697
12702
12705
12707
12709
12710
12714
12716
12717
12718
12719
12725
12726
12727
12731
12732
12736
12737
12740
12741
12743
12745
12748
12749
12750
12752
12753
12755
12756
12757
12759
12760
12765
12768
12771
12775
12782
12784
12785
12788
12789
12792
12793
12794
12796
12801
12802
12804
12805
12811
12812
12813
12815
12816
12817
12818
12819
12822
12824
12825
12829
12830
12832
12833
12834
12836
12843
12844
12847
12849
12850
12851
12852
12854
12855
12858
12863
12865
12866
12867
12868
12869
12870
12875
12876
12877
12880
12881
12882
12883
12888
12889
12890
12891
12895
12898
12899
12901
12903
12904
12906
12910
12912
12917
12921
12924
12925
12926
12927
12929
12931
12932
12935
12936
12938
12942
12943
12948
12949
12950
12952
12953
12954
12955
12958
12961
12964
12965
12969
12973
12974
12975
12977
12984
12985
12986
12993
12994
12995
12996
12997
13000
13001
13002
13004
13011
13012
13013
13014
13016
13017
13019
13026
13027
13030
13031
13037
13038
13039
13042
13043
13044
13047
13048
13049
13050
13053
13055
13057
13059
13061
13064
13066
13067
13068
13069
13076
13077
13079
13080
13081
13082
13083
13086
13087
13088
13089
13092
13094
13095
13096
13097
13101
13102
13103
13104
13105
13107
13114
13118
13120
13123
13128
13129
13131
13139
13140
13141
13143
13145
13146
13151
13153
13155
13158
13160
13161
13162
13163
13165
13166
13167
13170
13171
13172
13175
13178
13179
13180
13181
13183
13184
13185
13187
13188
13190
13197
13198
13200
13201
13202
13204
13205
13207
13208
13209
13211
13213
13214
13215
13216
13217
13218
13221
13223
13224
13226
13235
13236
13238
13240
13242
13243
13244
13246
13248
13249
13251
13252
13254
13256
13258
13259
13261
13262
13263
13264
13266
13267
13269
13273
13274
13275
13276
13279
13280
13281
13282
13283
13284
13286
13290
13301
13303
13305
13307
13309
13310
13311
13317
13319
13322
13323
13325
13329
13330
13331
13332
13333
13335
13336
13337
13340
13341
13343
13344
13345
13351
13353
13359
13362
13365
13366
13369
13370
13372
13373
13379
13382
13384
13385
13387
13390
13391
13392
13393
13394
13396
13397
13398
13399
13402
13403
13404
13405
13410
13412
13415
13418
13422
13423
13425
13427
13428
13429
13432
13439
13441
13442
13444
13448
13451
13452
13453
13455
13457
13458
13460
13462
13468
13470
13472
13473
13475
13478
13481
13483
13486
13496
13497
13503
13504
13505
13506
13509
13510
13511
13512
13513
13514
13515
13518
13521
13522
13525
13531
13533
13534
13535
13537
13540
13545
13547
13550
13552
13553
13555
13556
13559
13560
13563
13568
13572
13573
13575
13584
13585
13587
13594
13595
13596
13597
13598
13600
13605
13606
13609
13611
13613
13614
13617
13618
13622
13624
13628
13632
13636
13638
13640
13641
13642
13645
13646
13648
13651
13652
13653
13654
13655
13657
13661
13662
13664
13665
13667
13668
13669
13673
13678
13679
13681
13682
13683
13684
13685
13687
13688
13690
13691
13695
13699
13704
13706
13707
13709
13712
13714
13715
13716
13717
13723
13724
13725
13732
13734
13736
13738
13741
13742
13744
13745
13746
13747
13749
13752
13753
13754
13755
13757
13759
13760
13761
13763
13764
13765
13766
13769
13773
13776
13777
13779
13780
13784
13786
13787
13791
13792
13797
13802
13803
13804
13808
13809
13810
13812
13813
13814
13818
13820
13822
13826
13832
13834
13837
13838
13839
13840
13848
13849
13852
13854
13857
13858
13860
13862
13863
13864
13866
13867
13868
13870
13873
13875
13877
13878
13879
13880
13881
13884
13885
13891
13899
13902
13904
13908
13909
13910
13911
13913
13914
13917
13918
13919
13923
13927
13928
13929
13933
13935
13942
13945
13946
13947
13948
13950
13954
13955
13957
13960
13962
13963
13965
13967
13969
13971
13972
13973
13974
13975
13976
13979
13980
13981
13982
13983
13984
13985
13986
13992
13996
13998
14003
14004
14006
14009
14012
14013
14015
14021
14022
14024
14026
14029
14031
14032
14035
14037
14039
14040
14041
14043
14046
14048
14050
14051
14053
14055
14056
14059
14060
14061
14064
14065
14067
14068
14071
14077
14078
14079
14080
14082
14086
14087
14090
14092
14094
14095
14097
14098
14102
14103
14105
14106
14107
14108
14109
14112
14113
14116
14118
14119
14121
14122
14128
14129
14132
14136
14137
14138
14142
14143
14144
14145
14152
14153
14156
14159
14161
14164
14165
14166
14170
14172
14176
14178
14182
14186
14189
14190
14194
14196
14197
14198
14199
14200
14202
14204
14206
14208
14210
14212
14213
14214
14215
14220
14224
14226
14234
14235
14239
14240
14241
14242
14244
14245
14248
14251
14252
14254
14255
14256
14258
14260
14261
14264
14265
14266
14267
14269
14271
14274
14276
14280
14281
14283
14286
14288
14289
14292
14293
14294
14296
14304
14306
14308
14311
14312
14315
14316
14322
14327
14332
14333
14335
14337
14343
14344
14347
14349
14352
14354
14356
14362
14370
14371
14372
14373
14374
14376
14377
14378
14380
14383
14384
14385
14386
14387
14392
14394
14397
14398
14400
14402
14410
14411
14414
14416
14419
14420
14429
14430
14434
14435
14436
14441
14443
14445
14450
14452
14453
14454
14456
14458
14459
14460
14461
14465
14469
14471
14472
14473
14476
14477
14481
14482
14485
14490
14497
14501
14503
14505
14512
14515
14517
14519
14520
14522
14523
14524
14525
14526
14531
14535
14540
14541
14545
14548
14552
14553
14554
14555
14556
14560
14561
14562
14565
14573
14574
14577
14586
14587
14588
14589
14590
14594
14595
14596
14598
14600
14603
14606
14610
14611
14619
14621
14623
14625
14626
14629
14630
14635
14637
14641
14642
14646
14648
14649
14650
14651
14653
14654
14658
14660
14661
14664
14669
14671
14673
14676
14680
14682
14683
14685
14687
14688
14691
14692
14695
14696
14701
14702
14703
14705
14707
14708
14711
14712
14714
14715
14717
14720
14721
14725
14726
14727
14728
14733
14736
14737
14740
14744
14746
14747
14751
14754
14755
14757
14760
14762
14764
14768
14771
14779
14781
14782
14783
14785
14787
14789
14791
14793
14794
14795
14798
14802
14803
14807
14808
14809
14812
14813
14816
14822
14823
14824
14826
14827
14830
14833
14834
14835
14836
14838
14840
14842
14848
14849
14851
14852
14855
14856
14861
14863
14866
14867
14868
14869
14870
14871
14872
14874
14877
14884
14885
14886
14888
14890
14892
14893
14894
14902
14905
14906
14908
14910
14914
14919
14921
14923
14928
14932
14933
14934
14943
14944
14947
14950
14951
14953
14955
14956
14960
14963
14971
14973
14975
14976
14977
14978
14979
14980
14981
14983
14988
14989
14992
14993
15000
15002
15003
15006
15007
15010
15011
15013
15015
15016
15018
15020
15025
15026
15027
15029
15031
15043
15048
15049
15050
15051
15052
15054
15057
15058
15062
15064
15065
15067
15069
15072
15078
15080
15087
15089
15092
15093
15094
15096
15100
15103
15114
15115
15116
15119
15120
15121
15124
15129
15130
15131
15132
15134
15135
15136
15137
15140
15141
15144
15145
15146
15150
15153
15156
15162
15164
15167
15169
15170
15171
15175
15176
15177
15180
15184
15194
15196
15197
15198
15199
15205
15206
15207
15208
15210
15213
15215
15217
15218
15219
15221
15222
15227
15229
15232
15233
15234
15236
15238
15239
15240
15243
15244
15248
15250
15257
15259
15263
15264
15267
15269
15270
15271
15272
15273
15275
15278
15279
15280
15284
15286
15289
15290
15291
15294
15296
15297
15298
15299
15301
15304
15305
15309
15312
15313
15314
15318
15319
15320
15321
15324
15327
15328
15329
15330
15332
15339
15340
15341
15342
15344
15345
15347
15349
15351
15352
15353
15354
15355
15359
15360
15362
15365
15369
15370
15372
15373
15375
15376
15377
15378
15381
15382
15384
15385
15387
15390
15392
15395
15396
15397
15399
15400
15401
15402
15403
15406
15407
15408
15410
15411
15412
15415
15417
15421
15422
15423
15427
15429
15431
15435
15438
15441
15444
15446
15449
15451
15452
15453
15455
15460
15462
15463
15464
15466
15467
15470
15471
15472
15473
15474
15476
15478
15480
15484
15486
15488
15489
15491
15493
15495
15497
15500
15501
15504
15510
15511
15518
15523
15525
15528
15529
15540
15541
15544
15545
15546
15547
15548
15550
15552
15555
15559
15560
15566
15567
15569
15571
15572
15574
15577
15578
15579
15581
15584
15585
15586
15587
15588
15593
15594
15595
15597
15598
15600
15603
15604
15605
15609
15611
15612
15614
15615
15616
15618
15619
15620
15622
15623
15625
15627
15628
15632
15638
15640
15644
15646
15648
15650
15653
15656
15660
15661
15662
15664
15665
15666
15667
15672
15673
15674
15679
15686
15688
15689
15690
15692
15693
15696
15697
15698
15699
15700
15702
15704
15705
15707
15708
15710
15711
15715
15716
15718
15720
15724
15725
15727
15728
15731
15733
15734
15735
15736
15738
15739
15740
15741
15743
15745
15748
15749
15752
15756
15758
15759
15767
15769
15770
15772
15773
15776
15781
15783
15784
15785
15789
15790
15792
15794
15795
15796
15797
15802
15803
15805
15808
15810
15812
15814
15815
15816
15818
15824
15825
15827
15835
15836
15839
15840
15842
15843
15845
15846
15848
15851
15853
15854
15858
15860
15861
15862
15865
15866
15868
15872
15876
15878
15880
15882
15884
15886
15887
15888
15889
15891
15893
15896
15899
15900
15902
15906
15907
15910
15911
15924
15925
15928
15930
15932
15933
15934
15936
15937
15941
15943
15945
15946
15947
15952
15955
15956
15962
15964
15967
15969
15971
15972
15973
15975
15977
15983
15985
15988
15991
15992
15994
15999
16000
16001
16005
16008
16010
16011
16015
16016
16018
16019
16022
16023
16025
16026
16030
16034
16035
16037
16038
16040
16042
16044
16045
16048
16049
16056
16058
16059
16061
16065
16066
16067
16069
16070
16073
16075
16077
16079
16084
16085
16086
16092
16093
16095
16097
16100
16103
16104
16108
16110
16111
16112
16115
16116
16117
16119
16121
16122
16124
16128
16134
16137
16138
16141
16143
16145
16148
16154
16156
16159
16160
16162
16167
16168
16169
16171
16172
16174
16175
16177
16183
16184
16187
16188
16189
16191
16192
16197
16201
16207
16208
16211
16213
16218
16221
16228
16229
16234
16236
16237
16239
16240
16241
16243
16245
16247
16248
16249
16252
16253
16254
16258
16260
16261
16264
16270
16272
16275
16282
16288
16293
16296
16298
16299
16300
16302
16304
16305
16307
16309
16318
16320
16321
16325
16326
16327
16330
16335
16336
16338
16341
16345
16347
16350
16351
16352
16359
16360
16364
16366
16368
16369
16371
16376
16377
16378
16379
16382
16384
16386
16397
16398
16401
16408
16410
16412
16414
16417
16418
16420
16424
16428
16432
16434
16435
16436
16439
16442
16447
16451
16456
16461
16463
16465
16468
16469
16471
16475
16477
16478
16480
16482
16484
16487
16490
16492
16493
16494
16499
16500
16501
16502
16508
16510
16515
16516
16518
16520
16522
16523
16524
16526
16529
16531
16534
16535
16539
16545
16546
16547
16548
16549
16551
16558
16559
16561
16562
16563
16565
16566
16568
16569
16572
16573
16574
16575
16579
16583
16585
16591
16593
16594
16598
16602
16603
16606
16610
16615
16622
16624
16626
16631
16632
16636
16640
16642
16643
16644
16651
16653
16658
16661
16662
16668
16672
16673
16674
16675
16676
16678
16681
16682
16683
16686
16687
16690
16691
16693
16694
16699
16703
16704
16705
16707
16713
16715
16722
16733
16734
16738
16743
16744
16747
16749
16752
16753
16754
16755
16756
16757
16758
16759
16761
16762
16764
16768
16769
16772
16773
16775
16777
16778
16779
16782
16783
16786
16789
16793
16794
16798
16799
16803
16805
16807
16809
16814
16815
16820
16821
16826
16828
16829
16834
16836
16838
16839
16842
16846
16849
16853
16860
16865
16866
16867
16870
16871
16873
16874
16875
16876
16877
16884
16886
16888
16890
16899
16900
16901
16904
16905
16910
16912
16921
16923
16926
16928
16929
16936
16938
16939
16941
16942
16943
16946
16947
16949
16952
16954
16955
16956
16963
16964
16965
16967
16968
16971
16972
16975
16978
16979
16984
16986
16987
16991
16995
16996
17004
17006
17009
17010
17011
17015
17022
17023
17028
17030
17034
17035
17038
17040
17044
17046
17047
17049
17051
17054
17058
17059
17062
17066
17067
17068
17076
17077
17078
17079
17080
17083
17084
17085
17086
17087
17088
17096
17098
17100
17101
17102
17108
17110
17111
17112
17117
17118
17119
17120
17121
17122
17126
17128
17129
17132
17140
17142
17145
17147
17150
17152
17156
17158
17161
17164
17167
17168
17171
17172
17176
17182
17183
17185
17186
17190
17191
17196
17197
17199
17201
17209
17210
17212
17218
17220
17226
17239
17241
17247
17249
17252
17253
17257
17260
17261
17262
17263
17265
17268
17272
17274
17277
17279
17284
17289
17290
17292
17294
17298
17304
17307
17311
17312
17313
17314
17316
17319
17320
17322
17334
17336
17340
17342
17344
17347
17355
17359
17365
17366
17369
17371
17373
17374
17375
17380
17382
17384
17389
17390
17396
17397
17398
17399
17401
17403
17404
17405
17410
17418
17420
17422
17424
17425
17426
17427
17429
17431
17433
17437
17439
17440
17441
17445
17446
17448
17450
17454
17457
17458
17459
17461
17462
17463
17466
17469
17470
17472
17476
17480
17482
17483
17486
17487
17490
17491
17492
17495
17497
17498
17501
17503
17509
17510
17515
17519
17523
17526
17527
17528
17529
17532
17533
17534
17535
17537
17538
17541
17542
17543
17545
17546
17548
17549
17550
17554
17555
17560
17562
17565
17566
17571
17572
17573
17574
17576
17579
17580
17581
17582
17583
17585
17587
17588
17589
17590
17591
17592
17593
17594
17596
17600
17602
17603
17606
17607
17608
17609
17612
17617
17620
17623
17632
17635
17636
17637
17638
17639
17640
17642
17643
17645
17646
17648
17649
17650
17651
17652
17655
17656
17657
17659
17661
17663
17664
17667
17668
17673
17675
17679
17680
17693
17696
17697
17698
17703
17706
17708
17709
17710
17714
17717
17720
17721
17722
17723
17730
17734
17737
17738
17740
17741
17742
17743
17744
17748
17749
17751
17752
17754
17755
17758
17759
17760
17761
17762
17764
17768
17769
17778
17782
17784
17785
17786
17787
17788
17789
17792
17794
17795
17796
17797
17805
17806
17809
17811
17812
17818
17830
17831
17834
17835
17837
17839
17840
17843
17848
17852
17854
17856
17857
17861
17867
17868
17872
17873
17878
17880
17881
17882
17884
17885
17887
17890
17891
17896
17897
17899
17900
17902
17907
17915
17917
17918
17919
17921
17923
17925
17932
17936
17938
17939
17944
17947
17952
17955
17961
17963
17965
17967
17969
17970
17971
17972
17973
17977
17978
17981
17982
17985
17986
17987
17988
17991
17994
17995
17999
18000
18002
18008
18009
18011
18013
18014
18015
18017
18020
18023
18025
18028
18029
18030
18032
18034
18035
18036
18040
18044
18047
18053
18054
18056
18057
18065
18071
18078
18081
18082
18084
18085
18091
18092
18100
18101
18104
18106
18107
18109
18112
18115
18118
18119
18130
18132
18136
18139
18140
18141
18148
18149
18151
18153
18155
18156
18160
18162
18164
18165
18166
18169
18172
18173
18175
18176
18177
18180
18182
18183
18184
18186
18188
18191
18194
18195
18199
18203
18205
18207
18209
18210
18211
18212
18216
18218
18222
18225
18232
18233
18247
18250
18252
18253
18256
18258
18261
18264
18267
18268
18273
18274
18275
18276
18280
18284
18285
18290
18295
18296
18299
18300
18301
18307
18308
18311
18319
18322
18323
18326
18327
18336
18341
18346
18347
18349
18350
18351
18353
18356
18357
18359
18364
18367
18370
18376
18377
18381
18382
18383
18384
18388
18389
18390
18391
18392
18393
18394
18396
18397
18398
18400
18401
18402
18405
18407
18408
18410
18411
18412
18415
18417
18418
18420
18422
18425
18426
18434
18436
18440
18442
18443
18445
18453
18457
18458
18459
18461
18462
18466
18476
18479
18483
18484
18485
18486
18488
18492
18493
18499
18502
18503
18509
18510
18512
18513
18520
18521
18522
18524
18525
18530
18533
18535
18539
18541
18543
18544
18545
18546
18549
18551
18553
18554
18555
18560
18562
18564
18567
18568
18569
18573
18574
18578
18579
18582
18583
18587
18588
18592
18597
18601
18611
18612
18614
18615
18616
18618
18619
18622
18630
18638
18639
18643
18644
18648
18652
18655
18656
18657
18658
18661
18664
18668
18675
18677
18680
18683
18685
18689
18690
18700
18701
18702
18705
18707
18708
18709
18710
18713
18715
18716
18722
18725
18732
18739
18740
18746
18748
18750
18751
18752
18754
18757
18763
18769
18770
18772
18773
18775
18776
18777
18779
18781
18783
18788
18789
18794
18796
18801
18804
18805
18810
18812
18814
18820
18821
18824
18826
18827
18828
18830
18834
18835
18836
18837
18838
18839
18843
18844
18846
18847
18853
18854
18857
18858
18859
18863
18864
18865
18868
18871
18873
18879
18880
18882
18886
18887
18890
18892
18894
18895
18902
18904
18907
18910
18912
18913
18919
18920
18922
18923
18924
18926
18927
18930
18932
18933
18934
18937
18939
18941
18942
18946
18948
18949
18950
18957
18958
18959
18960
18961
18970
18971
18973
18975
18977
18981
18983
18985
18987
18989
18990
18993
18997
18998
19000
19001
19002
19005
19011
19012
19014
19018
19019
19024
19025
19028
19030
19032
19038
19039
19042
19043
19048
19055
19058
19060
19063
19072
19076
19079
19081
19083
19086
19088
19089
19095
19099
19100
19102
19106
19108
19110
19111
19112
19113
19114
19116
19119
19120
19123
19126
19128
19129
19130
19133
19135
19139
19145
19150
19152
19153
19159
19167
19170
19173
19174
19175
19178
19179
19181
19182
19185
19186
19187
19189
19193
19194
19195
19197
19201
19206
19208
19209
19210
19211
19212
19213
19214
19216
19221
19225
19226
19229
19231
19233
19239
19248
19249
19251
19252
19253
19255
19256
19258
19260
19261
19266
19267
19268
19271
19272
19278
19283
19284
19285
19287
19290
19291
19292
19293
19294
19296
19298
19304
19306
19307
19310
19314
19315
19317
19318
19321
19323
19325
19327
19329
19331
19333
19335
19336
19337
19339
19345
19349
19352
19355
19359
19362
19364
19365
19367
19368
19370
19373
19383
19387
19388
19389
19390
19391
19396
19398
19400
19401
19402
19405
19411
19412
19413
19417
19424
19427
19430
19435
19441
19448
19452
19455
19457
19458
19463
19464
19465
19468
19470
19473
19474
19475
19478
19481
19482
19484
19486
19490
19492
19503
19504
19505
19511
19512
19515
19517
19521
19522
19524
19526
19536
19537
19539
19541
19551
19564
19565
19567
19568
19569
19570
19572
19573
19577
19580
19581
19583
19585
19586
19588
19591
19592
19593
19596
19598
19603
19604
19610
19612
19615
19627
19632
19633
19635
19636
19638
19639
19641
19650
19652
19654
19655
19657
19659
19660
19661
19662
19670
19671
19674
19676
19678
19682
19687
19688
19691
19693
19696
19699
19700
19703
19707
19708
19710
19712
19713
19722
19723
19725
19726
19729
19735
19739
19740
19741
19747
19748
19754
19755
19761
19763
19766
19768
19776
19777
19778
19783
19794
19797
19798
19807
19809
19810
19815
19816
19827
19830
19831
19832
19833
19834
19844
19849
19850
19852
19859
19860
19867
19868
19869
19870
19872
19873
19874
19877
19878
19881
19888
19892
19896
19899
19900
19902
19912
19913
19916
19921
19922
19927
19930
19936
19939
19942
19943
19944
19945
19946
19948
19949
19950
19951
19953
19954
19958
19959
19960
19961
19962
19963
19965
19969
19974
19977
19983
19986
19988
19989
19995
20001
20002
20003
20004
20006
20007
20009
20010
20011
20013
20021
20022
20025
20027
20028
20030
20031
20034
20036
20043
20044
20049
20050
20052
20056
20062
20063
20068
20069
20072
20073
20077
20078
20086
20087
20093
20094
20097
20100
20104
20105
20109
20110
20112
20113
20114
20116
20123
20125
20131
20134
20139
20144
20152
20153
20155
20160
20163
20166
20167
20169
20170
20171
20172
20173
20179
20181
20182
20183
20185
20189
20190
20191
20195
20196
20204
20209
20213
20216
20217
20218
20226
20227
20229
20235
20236
20237
20238
20243
20245
20250
20256
20257
20259
20260
20266
20268
20269
20270
20274
20276
20280
20282
20286
20290
20302
20303
20304
20305
20306
20307
20308
20312
20315
20318
20319
20320
20323
20327
20328
20332
20334
20335
20338
20340
20342
20346
20348
20357
20359
20361
20362
20363
20365
20366
20368
20372
20374
20376
20377
20379
20382
20384
20385
20392
20394
20396
20397
20409
20412
20413
20416
20417
20428
20431
20439
20440
20441
20444
20446
20447
20453
20455
20457
20459
20460
20461
20464
20465
20467
20469
20471
20472
20473
20475
20476
20477
20479
20480
20483
20484
20488
20489
20495
20498
20499
20500
20504
20505
20507
20508
20509
20512
20513
20519
20523
20529
20531
20533
20536
20537
20539
20547
20550
20552
20555
20561
20563
20564
20567
20569
20570
20572
20576
20579
20585
20589
20590
20593
20594
20600
20604
20605
20607
20609
20610
20615
20618
20619
20621
20622
20624
20626
20627
20629
20630
20631
20633
20634
20635
20636
20641
20644
20648
20653
20655
20657
20662
20663
20668
20671
20676
20677
20678
20679
20680
20683
20687
20689
20692
20693
20694
20702
20703
20707
20708
20711
20713
20714
20722
20723
20724
20727
20728
20729
20732
20733
20734
20735
20738
20741
20742
20744
20750
20751
20752
20754
20758
20759
20764
20765
20766
20769
20770
20771
20772
20775
20776
20778
20781
20784
20785
20791
20792
20796
20797
20800
20804
20807
20808
20810
20814
20815
20819
20822
20826
20827
20834
20836
20838
20843
20848
20849
20851
20852
20858
20860
20862
20863
20864
20868
20871
20874
20875
20877
20880
20884
20886
20887
20889
20895
20897
20907
20908
20910
20911
20918
20922
20923
20933
20934
20937
20940
20941
20951
20952
20953
20954
20955
20956
20960
20961
20967
20970
20971
20972
20973
20974
20978
20979
20980
20981
20982
20987
20990
20991
20993
20994
20999
21000
21001
21004
21005
21013
21014
21017
21019
21022
21024
21025
21026
21027
21031
21035
21042
21043
21050
21052
21054
21055
21059
21061
21065
21066
21068
21069
21070
21072
21076
21078
21079
21080
21081
21083
21088
21094
21096
21097
21102
21103
21104
21106
21107
21108
21112
21113
21116
21118
21119
21121
21124
21126
21127
21132
21138
21139
21142
21144
21145
21148
21149
21154
21155
21160
21163
21166
21167
21168
21170
21171
21174
21181
21183
21186
21189
21192
21193
21196
21197
21200
21206
21213
21219
21220
21221
21222
21224
21226
21227
21233
21236
21239
21240
21241
21243
21248
21250
21252
21253
21254
21256
21257
21258
21260
21261
21264
21272
21273
21278
21279
21282
21285
21288
21290
21291
21292
21293
21294
21295
21299
21301
21306
21307
21308
21321
21322
21323
21327
21328
21333
21337
21341
21342
21343
21344
21347
21349
21354
21356
21357
21359
21360
21365
21369
21378
21389
21391
21397
21398
21399
21400
21402
21405
21414
21415
21417
21419
21420
21423
21426
21427
21433
21435
21436
21439
21442
21452
21453
21454
21464
21467
21472
21473
21477
21479
21481
21482
21483
21487
21489
21498
21500
21503
21506
21510
21513
21515
21518
21525
21527
21532
21533
21535
21537
21538
21539
21541
21548
21549
21553
21556
21559
21561
21562
21563
21564
21568
21569
21572
21573
21575
21579
21589
21592
21593
21597
21600
21601
21603
21604
21610
21612
21614
21616
21620
21621
21624
21627
21628
21629
21637
21640
21641
21645
21647
21649
21650
21657
21666
21672
21676
21679
21681
21684
21685
21692
21693
21703
21704
21705
21706
21709
21710
21711
21714
21715
21716
21718
21721
21726
21731
21733
21734
21736
21737
21739
21740
21743
21746
21749
21755
21756
21759
21761
21766
21767
21769
21772
21773
21777
21780
21781
21782
21792
21793
21796
21799
21804
21805
21806
21808
21811
21812
21814
21820
21825
21826
21833
21834
21835
21844
21845
21849
21850
21851
21852
21853
21858
21859
21860
21863
21864
21869
21873
21874
21879
21880
21883
21888
21890
21893
21895
21898
21899
21901
21902
21907
21908
21910
21913
21917
21919
21921
21924
21928
21933
21934
21941
21945
21946
21950
21951
21952
21954
21963
21964
21965
21966
21971
21974
21976
21977
21979
21986
21988
21990
21992
21994
21998
21999
22000
22003
22005
22006
22009
22013
22016
22017
22019
22021
22024
22028
22030
22031
22033
22036
22039
22040
22041
22044
22049
22051
22052
22054
22055
22060
22063
22064
22066
22068
22072
22073
22076
22080
22081
22082
22085
22090
22091
22093
22095
22096
22098
22106
22109
22112
22113
22116
22121
22128
22129
22131
22141
22142
22147
22149
22150
22151
22154
22159
22166
22167
22169
22172
22175
22176
22179
22184
22188
22195
22200
22206
22211
22213
22219
22222
22225
22229
22230
22232
22233
22235
22236
22238
22241
22242
22245
22246
22249
22253
22254
22256
22257
22258
22259
22265
22266
22270
22274
22280
22281
22283
22284
22285
22287
22291
22294
22295
22296
22302
22305
22306
22307
22308
22310
22319
22320
22326
22327
22330
22332
22334
22335
22336
22338
22339
22344
22348
22350
22353
22355
22357
22365
22370
22371
22372
22375
22379
22381
22384
22386
22389
22392
22395
22401
22405
22407
22410
22415
22418
22419
22421
22424
22430
22431
22433
22435
22437
22440
22442
22445
22446
22448
22449
22451
22458
22460
22462
22464
22465
22468
22470
22475
22476
22481
22484
22487
22491
22502
22505
22509
22512
22513
22516
22517
22518
22521
22523
22524
22527
22530
22532
22534
22536
22538
22541
22542
22556
22558
22562
22565
22569
22570
22577
22578
22579
22583
22585
22586
22587
22596
22599
22602
22613
22622
22624
22626
22627
22629
22631
22632
22634
22637
22643
22651
22652
22659
22666
22668
22670
22671
22674
22676
22678
22684
22687
22690
22698
22699
22701
22702
22706
22707
22709
22711
22713
22715
22716
22718
22724
22728
22731
22732
22738
22740
22741
22743
22744
22746
22747
22749
22750
22753
22754
22755
22756
22759
22761
22765
22773
22774
22775
22777
22778
22779
22780
22783
22785
22789
22793
22805
22806
22807
22812
22815
22826
22828
22830
22832
22838
22840
22841
22845
22846
22847
22852
22857
22863
22872
22876
22877
22879
22882
22883
22885
22887
22890
22902
22903
22905
22906
22909
22910
22912
22916
22921
22926
22927
22928
22930
22931
22935
22939
22942
22943
22946
22948
22951
22953
22956
22957
22958
22965
22966
22968
22970
22973
22977
22981
22982
22983
22985
22986
22987
22991
22993
22996
22998
23007
23008
23012
23014
23016
23018
23022
23023
23024
23025
23026
23027
23028
23029
23030
23036
23040
23044
23046
23047
23049
23057
23060
23064
23065
23066
23070
23072
23073
23075
23077
23080
23085
23086
23087
23092
23095
23098
23104
23107
23109
23111
23117
23119
23120
23129
23130
23135
23137
23141
23142
23157
23164
23173
23180
23181
23184
23185
23191
23194
23197
23200
23212
23213
23214
23227
23233
23238
23239
23241
23250
23251
23255
23256
23257
23258
23259
23263
23271
23277
23280
23282
23283
23285
23287
23288
23290
23293
23295
23304
23310
23311
23312
23314
23315
23317
23318
23323
23325
23326
23329
23331
23335
23336
23342
23343
23344
23348
23356
23358
23360
23361
23365
23368
23371
23377
23378
23379
23382
23388
23389
23394
23396
23397
23400
23402
23403
23405
23408
23409
23410
23412
23415
23424
23426
23428
23429
23437
23443
23444
23445
23446
23448
23451
23455
23464
23465
23466
23470
23472
23474
23475
23477
23478
23485
23489
23491
23495
23503
23506
23507
23508
23509
23511
23513
23521
23522
23530
23533
23535
23540
23544
23546
23547
23548
23550
23551
23554
23556
23557
23559
23571
23573
23578
23581
23582
23584
23587
23594
23596
23598
23610
23614
23615
23617
23619
23628
23636
23637
23638
23640
23645
23648
23650
23651
23658
23661
23663
23664
23672
23674
23676
23677
23680
23681
23683
23688
23690
23693
23697
23699
23700
23703
23709
23716
23719
23722
23726
23728
23731
23733
23735
23737
23744
23747
23748
23749
23753
23756
23758
23762
23763
23769
23773
23776
23777
23778
23783
23784
23791
23794
23796
23799
23801
23804
23805
23806
23812
23814
23815
23822
23825
23826
23829
23832
23835
23836
23837
23838
23841
23844
23846
23849
23851
23852
23853
23856
23857
23859
23873
23875
23878
23880
23890
23891
23894
23895
23896
23903
23906
23907
23908
23909
23912
23915
23917
23919
23922
23923
23925
23935
23938
23940
23941
23949
23951
23954
23959
23964
23966
23967
23971
23975
23977
23979
23985
23986
23989
23997
24001
24002
24004
24006
24009
24010
24015
24016
24018
24024
24028
24030
24032
24033
24036
24037
24038
24041
24047
24048
24050
24053
24054
24056
24063
24079
24084
24092
24094
24096
24097
24098
24100
24101
24102
24109
24116
24117
24121
24123
24125
24130
24138
24141
24151
24154
24156
24163
24166
24167
24170
24173
24177
24183
24184
24186
24188
24193
24197
24199
24200
24201
24204
24207
24209
24210
24217
24219
24221
24222
24223
24226
24229
24230
24231
24236
24237
24242
24244
24245
24247
24254
24270
24272
24276
24277
24285
24289
24291
24295
24297
24298
24300
24303
24304
24305
24312
24314
24315
24319
24323
24324
24325
24330
24332
24334
24336
24337
24342
24344
24347
24348
24351
24354
24356
24358
24360
24363
24366
24368
24369
24370
24373
24376
24377
24382
24385
24386
24390
24393
24396
24397
24401
24403
24412
24422
24425
24427
24439
24442
24443
24453
24456
24459
24460
24461
24462
24469
24475
24479
24481
24484
24487
24490
24496
24501
24504
24505
24508
24510
24512
24513
24515
24519
24524
24526
24527
24528
24530
24531
24533
24535
24536
24542
24546
24551
24555
24563
24566
24567
24571
24573
24582
24583
24586
24591
24595
24596
24600
24603
24604
24606
24609
24613
24622
24624
24625
24628
24631
24634
24638
24642
24643
24644
24647
24649
24652
24656
24659
24660
24664
24668
24669
24676
24677
24679
24680
24693
24701
24704
24713
24715
24720
24722
24724
24725
24726
24727
24733
24734
24735
24742
24746
24747
24749
24751
24752
24755
24762
24763
24764
24771
24772
24776
24777
24781
24782
24785
24787
24790
24791
24794
24797
24799
24802
24806
24807
24810
24812
24813
24817
24821
24822
24824
24826
24828
24831
24834
24842
24845
24846
24848
24849
24852
24854
24857
24862
24863
24865
24868
24869
24870
24881
24887
24893
24894
24902
24903
24904
24911
24919
24921
24927
24930
24932
24933
24938
24939
24947
24952
24959
24960
24963
24965
24968
24973
24974
24975
24979
24981
24983
24987
24991
24992
24993
25002
25004
25007
25015
25016
25017
25018
25020
25023
25026
25030
25034
25038
25041
25044
25045
25050
25053
25054
25062
25063
25064
25065
25068
25075
25078
25079
25082
25083
25084
25085
25091
25095
25096
25101
25103
25105
25114
25115
25116
25117
25118
25119
25122
25124
25128
25129
25130
25131
25133
25137
25140
25145
25146
25147
25148
25152
25153
25161
25162
25164
25165
25168
25170
25171
25175
25177
25181
25184
25186
25187
25192
25199
25201
25203
25204
25208
25209
25210
25212
25214
25215
25216
25217
25218
25221
25223
25224
25225
25226
25232
25236
25243
25244
25250
25252
25254
25256
25257
25258
25260
25264
25267
25270
25277
25283
25284
25286
25287
25289
25293
25294
25299
25300
25304
25305
25306
25310
25311
25312
25314
25320
25322
25325
25331
25334
25338
25339
25340
25343
25344
25346
25351
25353
25355
25365
25367
25371
25386
25387
25391
25393
25395
25402
25408
25410
25412
25419
25423
25426
25427
25428
25429
25432
25434
25435
25442
25445
25449
25451
25455
25456
25459
25460
25466
25467
25468
25469
25470
25471
25472
25473
25474
25481
25487
25493
25499
25502
25503
25504
25506
25508
25509
25516
25523
25530
25532
25539
25543
25544
25546
25547
25549
25555
25557
25558
25561
25570
25571
25572
25573
25574
25575
25576
25577
25580
25583
25586
25587
25591
25597
25600
25605
25611
25613
25616
25621
25622
25626
25627
25629
25632
25640
25642
25643
25658
25662
25663
25667
25675
25681
25682
25689
25690
25692
25695
25700
25705
25708
25709
25710
25711
25712
25716
25718
25720
25721
25722
25730
25731
25736
25738
25741
25745
25747
25748
25749
25752
25756
25757
25762
25764
25766
25770
25771
25772
25773
25779
25781
25792
25798
25804
25805
25806
25808
25810
25813
25814
25818
25822
25824
25825
25827
25828
25831
25833
25835
25836
25837
25848
25851
25856
25857
25858
25863
25864
25866
25868
25876
25877
25880
25884
25885
25891
25899
25901
25902
25903
25905
25910
25914
25917
25918
25927
25930
25931
25936
25940
25941
25944
25949
25950
25953
25958
25961
25962
25966
25968
25970
25971
25976
25992
25997
25998
26002
26003
26004
26008
26012
26014
26017
26019
26023
26025
26026
26031
26033
26035
26037
26038
26040
26041
26042
26050
26057
26060
26062
26063
26065
26067
26068
26079
26080
26084
26091
26094
26098
26099
26103
26105
26107
26114
26115
26117
26122
26123
26124
26126
26134
26137
26139
26140
26141
26143
26147
26148
26150
26153
26156
26157
26158
26161
26162
26167
26171
26182
26183
26184
26188
26189
26190
26192
26194
26200
26202
26204
26205
26206
26207
26208
26211
26214
26218
26222
26227
26232
26237
26242
26247
26253
26254
26256
26259
26271
26274
26275
26278
26282
26287
26288
26289
26292
26294
26299
26308
26315
26320
26322
26324
26327
26331
26334
26336
26339
26343
26344
26351
26352
26355
26356
26359
26363
26370
26372
26379
26380
26384
26386
26388
26389
26392
26398
26401
26404
26407
26411
26412
26417
26418
26425
26427
26429
26436
26437
26442
26443
26450
26453
26458
26463
26464
26468
26477
26483
26487
26488
26489
26490
26492
26493
26502
26507
26512
26515
26517
26521
26523
26526
26527
26530
26531
26532
26534
26537
26538
26540
26543
26547
26548
26550
26554
26555
26556
26558
26561
26564
26565
26566
26569
26570
26571
26573
26574
26579
26582
26583
26585
26587
26591
26605
26606
26610
26612
26613
26614
26618
26619
26621
26622
26624
26628
26634
26637
26640
26641
26642
26643
26644
26650
26651
26653
26657
26661
26666
26669
26672
26677
26678
26679
26681
26685
26686
26690
26699
26703
26709
26713
26714
26715
26722
26724
26731
26733
26738
26739
26750
26752
26754
26755
26756
26759
26760
26762
26763
26766
26770
26772
26777
26778
26781
26786
26790
26793
26801
26804
26805
26806
26808
26812
26816
26817
26818
26820
26824
26829
26834
26837
26838
26839
26841
26843
26846
26849
26863
26864
26865
26870
26871
26878
26879
26880
26884
26886
26889
26894
26900
26903
26907
26908
26917
26923
26930
26931
26933
26934
26943
26946
26951
26952
26954
26955
26956
26961
26969
26972
26978
26982
26988
26993
26996
26998
27006
27007
27011
27016
27017
27018
27022
27028
27032
27041
27043
27044
27059
27073
27074
27080
27082
27084
27086
27102
27104
27108
27114
27116
27119
27120
27121
27122
27124
27127
27129
27130
27135
27140
27143
27150
27153
27157
27158
27160
27168
27171
27173
27180
27182
27185
27189
27193
27194
27196
27197
27203
27204
27205
27210
27211
27212
27222
27224
27225
27226
27228
27240
27241
27245
27247
27248
27263
27265
27266
27272
27277
27285
27288
27292
27293
27307
27309
27313
27320
27324
27325
27327
27335
27336
27340
27341
27343
27344
27345
27350
27351
27352
27353
27354
27355
27358
27359
27360
27362
27365
27370
27372
27376
27379
27380
27382
27384
27385
27387
27389
27392
27395
27396
27398
27400
27401
27406
27409
27410
27412
27415
27420
27421
27423
27424
27427
27428
27433
27435
27437
27443
27446
27462
27465
27467
27471
27472
27477
27478
27482
27484
27494
27502
27510
27512
27513
27517
27522
27525
27528
27530
27533
27536
27538
27540
27543
27545
27549
27551
27556
27557
27558
27563
27567
27571
27572
27573
27578
27585
27586
27587
27588
27595
27596
27600
27602
27605
27608
27609
27613
27616
27617
27621
27625
27629
27630
27631
27632
27641
27642
27647
27650
27651
27653
27664
27666
27667
27673
27679
27682
27686
27690
27692
27695
27696
27699
27700
27702
27704
27709
27712
27714
27718
27720
27723
27724
27730
27731
27733
27734
27736
27738
27742
27743
27745
27748
27755
27756
27757
27758
27760
27764
27767
27775
27780
27781
27794
27795
27802
27803
27810
27821
27823
27828
27829
27833
27840
27841
27845
27849
27850
27856
27858
27860
27861
27864
27865
27867
27868
27869
27875
27891
27894
27896
27898
27900
27903
27907
27910
27912
27915
27922
27925
27928
27929
27930
27933
27935
27938
27948
27950
27952
27953
27958
27959
27960
27964
27965
27966
27974
27976
27980
27984
27988
27991
27995
27996
27997
28000
28006
28011
28014
28017
28020
28024
28028
28032
28036
28041
28043
28044
28048
28049
28062
28063
28065
28068
28072
28073
28074
28080
28091
28092
28095
28098
28104
28109
28110
28121
28125
28133
28136
28137
28142
28150
28151
28157
28161
28171
28173
28180
28185
28191
28192
28200
28206
28215
28216
28217
28218
28219
28221
28232
28233
28234
28235
28236
28239
28243
28252
28253
28254
28255
28257
28258
28260
28261
28263
28284
28286
28288
28291
28295
28297
28299
28305
28306
28308
28309
28311
28317
28320
28327
28328
28336
28340
28341
28344
28348
28356
28357
28358
28360
28362
28365
28370
28372
28377
28391
28392
28395
28401
28404
28408
28410
28426
28427
28428
28430
28431
28432
28434
28435
28436
28444
28446
28449
28450
28454
28456
28458
28459
28461
28463
28465
28470
28473
28476
28481
28485
28486
28487
28495
28496
28497
28498
28504
28510
28513
28516
28518
28519
28525
28526
28528
28530
28538
28539
28541
28542
28544
28550
28556
28561
28562
28565
28568
28578
28586
28592
28593
28596
28598
28610
28617
28621
28624
28625
28627
28631
28633
28635
28647
28649
28662
28671
28674
28675
28676
28677
28684
28685
28688
28689
28692
28694
28697
28700
28701
28707
28709
28712
28713
28714
28715
28717
28718
28726
28729
28731
28738
28739
28740
28742
28750
28751
28755
28758
28763
28767
28770
28771
28782
28789
28792
28803
28805
28814
28815
28817
28820
28822
28830
28833
28837
28843
28853
28854
28856
28857
28862
28864
28867
28872
28873
28874
28879
28881
28882
28885
28887
28894
28906
28909
28919
28920
28924
28926
28942
28943
28945
28949
28950
28953
28957
28958
28962
28963
28964
28973
28983
28985
28986
28990
28997
28998
28999
29006
29007
29009
29013
29014
29015
29016
29017
29018
29019
29026
29029
29030
29031
29033
29038
29039
29041
29044
29046
29047
29052
29058
29059
29060
29064
29081
29082
29085
29089
29090
29103
29106
29109
29112
29113
29114
29115
29116
29130
29138
29139
29149
29155
29157
29162
29166
29169
29174
29177
29178
29179
29182
29183
29193
29202
29211
29212
29217
29221
29230
29234
29239
29246
29255
29259
29269
29270
29273
29279
29282
29283
29285
29291
29292
29293
29296
29297
29298
29302
29303
29309
29310
29311
29313
29316
29318
29321
29327
29328
29330
29331
29343
29346
29357
29367
29369
29371
29377
29378
29381
29386
29387
29388
29397
29400
29401
29407
29408
29410
29413
29415
29416
29419
29420
29422
29435
29436
29440
29446
29449
29450
29454
29456
29457
29458
29464
29465
29467
29470
29471
29472
29473
29474
29478
29479
29480
29485
29486
29487
29490
29491
29492
29493
29495
29500
29503
29508
29510
29512
29517
29518
29527
29533
29538
29540
29542
29544
29549
29551
29552
29554
29560
29564
29566
29567
29569
29571
29572
29582
29584
29587
29588
29589
29591
29594
29596
29597
29603
29607
29609
29612
29615
29617
29618
29622
29625
29635
29636
29637
29641
29642
29643
29648
29649
29650
29653
29657
29663
29665
29666
29672
29677
29683
29689
29691
29696
29707
29709
29712
29715
29722
29723
29725
29730
29738
29745
29748
29749
29751
29752
29754
29755
29762
29765
29768
29785
29786
29787
29794
29797
29804
29806
29809
29812
29820
29823
29828
29831
29832
29833
29834
29838
29839
29840
29844
29845
29850
29860
29863
29866
29867
29868
29869
29870
29875
29877
29879
29886
29887
29889
29890
29903
29905
29906
29910
29913
29918
29921
29925
29926
29933
29941
29945
29954
29956
29958
29964
29973
29976
29986
29993
29997
30001
30003
30006
30009
30017
30018
30020
30021
30022
30036
30037
30038
30039
30047
30053
30056
30057
30064
30069
30074
30081
30084
30086
30087
30090
30096
30097
30101
30102
30104
30106
30107
30108
30114
30122
30123
30125
30127
30138
30140
30145
30146
30147
30149
30150
30151
30152
30154
30155
30171
30172
30174
30177
30179
30180
30182
30183
30185
30186
30187
30192
30195
30202
30203
30204
30205
30208
30211
30214
30218
30219
30220
30226
30230
30231
30236
30237
30245
30251
30252
30255
30258
30263
30264
30269
30271
30279
30280
30285
30289
30292
30293
30299
30300
30307
30319
30320
30324
30326
30346
30358
30359
30364
30368
30371
30373
30374
30376
30377
30379
30390
30394
30399
30402
30406
30407
30419
30421
30422
30427
30436
30449
30451
30452
30456
30461
30463
30467
30470
30474
30475
30484
30492
30493
30494
30496
30498
30502
30504
30508
30510
30511
30519
30520
30521
30524
30529
30531
30536
30537
30539
30545
30546
30551
30558
30559
30561
30562
30563
30564
30567
30568
30571
30576
30582
30591
30594
30596
30600
30603
30611
30615
30622
30632
30634
30635
30637
30640
30644
30647
30650
30653
30656
30659
30662
30663
30668
30670
30675
30677
30678
30684
30686
30688
30690
30695
30697
30698
30703
30710
30715
30719
30724
30725
30727
30733
30738
30745
30746
30747
30749
30755
30758
30760
30764
30765
30766
30776
30778
30779
30784
30785
30787
30794
30800
30812
30814
30816
30819
30821
30824
30836
30837
30838
30841
30851
30863
30871
30872
30875
30878
30883
30884
30885
30888
30890
30892
30895
30900
30901
30906
30909
30910
30912
30913
30914
30915
30917
30918
30919
30923
30927
30928
30929
30930
30941
30951
30952
30956
30957
30959
30966
30968
30969
30972
30973
30974
30977
30982
30986
30988
30990
30994
30996
31007
31009
31010
31011
31012
31013
31024
31025
31028
31032
31034
31036
31037
31038
31053
31056
31057
31058
31062
31063
31083
31084
31085
31086
31088
31092
31097
31098
31100
31102
31103
31114
31118
31120
31128
31129
31130
31136
31144
31147
31148
31151
31153
31154
31157
31162
31168
31172
31183
31184
31192
31195
31196
31199
31201
31205
31207
31209
31212
31215
31220
31226
31230
31233
31236
31244
31251
31255
31256
31264
31265
31267
31270
31275
31276
31286
31288
31291
31292
31294
31302
31312
31314
31324
31326
31328
31329
31337
31338
31341
31343
31344
31346
31348
31349
31350
31351
31354
31355
31358
31360
31363
31367
31369
31377
31386
31391
31392
31397
31404
31408
31409
31410
31418
31428
31430
31436
31437
31439
31443
31445
31446
31454
31456
31458
31462
31467
31471
31479
31485
31487
31488
31489
31490
31491
31498
31500
31502
31505
31509
31511
31512
31515
31516
31519
31520
31524
31525
31526
31529
31534
31541
31542
31543
31544
31547
31548
31551
31552
31561
31564
31572
31574
31575
31584
31588
31589
31593
31596
31600
31606
31609
31610
31617
31619
31621
31626
31627
31628
31629
31636
31637
31640
31644
31647
31649
31654
31656
31659
31660
31661
31662
31665
31667
31671
31677
31686
31692
31695
31699
31700
31708
31712
31713
31714
31720
31725
31727
31733
31734
31735
31739
31740
31751
31752
31753
31760
31762
31764
31766
31770
31781
31788
31789
31790
31792
31797
31802
31810
31812
31814
31816
31824
31826
31829
31830
31833
31838
31846
31849
31855
31859
31871
31874
31875
31876
31878
31884
31886
31888
31891
31896
31901
31902
31907
31911
31915
31917
31918
31919
31925
31930
31931
31933
31935
31940
31941
31942
31943
31950
31954
31959
31961
31964
31967
31970
31972
31974
31979
31982
31984
31985
31988
31989
31992
31995
31997
32003
32006
32007
32008
32009
32010
32015
32016
32017
32039
32049
32052
32058
32061
32071
32073
32074
32075
32088
32096
32098
32107
32114
32116
32117
32129
32133
32137
32138
32147
32148
32149
32154
32157
32160
32162
32169
32171
32184
32191
32201
32205
32207
32210
32218
32224
32227
32228
32229
32231
32235
32237
32239
32250
32251
32254
32258
32260
32263
32270
32271
32276
32282
32284
32286
32288
32290
32291
32300
32303
32304
32305
32308
32309
32310
32313
32321
32327
32328
32332
32335
32341
32352
32354
32363
32364
32365
32367
32368
32370
32379
32380
32381
32386
32387
32388
32410
32412
32418
32425
32427
32428
32429
32433
32434
32439
32445
32447
32449
32451
32454
32462
32467
32468
32471
32472
32475
32477
32479
32480
32490
32493
32496
32497
32503
32508
32521
32523
32524
32530
32544
32545
32546
32549
32550
32554
32570
32573
32579
32590
32591
32597
32603
32608
32612
32615
32619
32623
32624
32625
32627
32631
32633
32635
32636
32641
32650
32655
32656
32657
32658
32663
32665
32671
32673
32675
32676
32680
32683
32685
32689
32690
32692
32696
32713
32717
32719
32723
32728
32735
32740
32743
32744
32753
32760
32763
32765
32769
32773
32774
32777
32783
32784
32786
32788
32790
32802
32804
32807
32809
32814
32821
32823
32834
32835
32844
32848
32852
32854
32872
32873
32879
32880
32881
32882
32892
32895
32896
32898
32907
32915
32916
32924
32929
32931
32935
32939
32940
32944
32945
32948
32956
32958
32964
32967
32969
32971
32974
32979
32983
32995
32998
33003
33005
33010
33017
33023
33027
33030
33031
33041
33062
33067
33069
33074
33083
33088
33089
33091
33093
33094
33098
33108
33110
33111
33113
33115
33117
33119
33120
33122
33126
33129
33131
33149
33153
33159
33161
33162
33165
33170
33175
33182
33185
33186
33191
33192
33193
33196
33198
33204
33208
33210
33211
33216
33218
33222
33224
33229
33233
33238
33241
33242
33244
33251
33254
33256
33259
33263
33265
33269
33278
33280
33283
33286
33289
33295
33298
33301
33303
33306
33310
33312
33315
33318
33320
33324
33326
33331
33332
33333
33336
33337
33340
33341
33342
33343
33351
33355
33356
33358
33363
33371
33373
33375
33376
33380
33382
33385
33388
33389
33392
33400
33403
33405
33407
33413
33424
33430
33431
33435
33436
33441
33445
33447
33453
33455
33459
33462
33464
33479
33488
33490
33501
33508
33509
33516
33517
33522
33532
33533
33535
33537
33539
33545
33548
33550
33555
33557
33558
33561
33567
33570
33578
33579
33580
33582
33583
33586
33593
33601
33617
33625
33633
33634
33635
33639
33640
33642
33643
33644
33647
33652
33655
33658
33659
33660
33662
33664
33667
33669
33671
33673
33674
33676
33682
33685
33686
33687
33694
33696
33700
33701
33702
33709
33711
33713
33718
33723
33732
33733
33735
33738
33740
33742
33744
33750
33752
33753
33761
33763
33767
33768
33777
33779
33791
33793
33797
33799
33803
33805
33810
33811
33813
33816
33822
33825
33827
33829
33831
33837
33848
33850
33853
33857
33874
33877
33880
33887
33889
33893
33899
33900
33901
33902
33905
33911
33915
33922
33924
33928
33930
33931
33932
33939
33944
33950
33957
33965
33970
33974
33984
33993
33996
34001
34002
34005
34008
34012
34015
34016
34021
34023
34024
34028
34030
34032
34033
34042
34045
34048
34051
34059
34060
34062
34065
34071
34073
34077
34078
34082
34085
34086
34088
34092
34094
34098
34099
34100
34105
34111
34112
34114
34116
34120
34122
34125
34126
34131
34134
34135
34136
34141
34150
34154
34156
34157
34163
34164
34166
34170
34171
34174
34176
34185
34188
34191
34193
34195
34201
34203
34204
34209
34210
34211
34217
34221
34222
34228
34232
34236
34237
34243
34248
34250
34252
34261
34271
34274
34282
34283
34287
34291
34294
34298
34300
34310
34311
34313
34315
34323
34325
34327
34329
34337
34344
34347
34352
34358
34369
34374
34376
34377
34379
34380
34387
34392
34406
34410
34414
34419
34420
34421
34422
34426
34429
34445
34451
34455
34459
34461
34467
34468
34475
34476
34493
34494
34500
34506
34510
34512
34517
34519
34521
34523
34526
34531
34532
34535
34538
34541
34542
34543
34548
34555
34557
34558
34559
34563
34566
34569
34577
34579
34583
34584
34586
34589
34593
34594
34600
34601
34602
34608
34609
34615
34618
34620
34624
34628
34636
34643
34644
34645
34647
34648
34651
34663
34668
34674
34682
34685
34695
34697
34707
34708
34711
34716
34718
34719
34725
34727
34731
34736
34745
34748
34755
34762
34766
34767
34768
34771
34773
34778
34781
34786
34797
34802
34810
34816
34822
34825
34827
34831
34833
34842
34852
34858
34860
34862
34874
34879
34880
34881
34885
34890
34898
34902
34905
34912
34915
34923
34929
34933
34935
34936
34938
34942
34943
34952
34966
34973
34978
34985
34995
35000
35002
35007
35010
35015
35016
35018
35021
35022
35027
35035
35036
35037
35044
35046
35047
35048
35050
35055
35061
35062
35070
35072
35073
35076
35088
35094
35095
35106
35108
35110
35114
35116
35121
35122
35124
35125
35126
35128
35131
35133
35134
35135
35136
35138
35140
35141
35142
35145
35146
35160
35161
35165
35166
35169
35178
35183
35195
35196
35204
35221
35226
35232
35247
35248
35251
35255
35258
35260
35272
35274
35282
35286
35288
35293
35295
35299
35301
35302
35306
35308
35318
35326
35335
35344
35348
35354
35355
35358
35364
35378
35386
35393
35395
35397
35398
35400
35406
35407
35409
35414
35419
35426
35441
35445
35455
35463
35464
35467
35472
35473
35474
35479
35482
35483
35496
35497
35504
35511
35516
35529
35538
35542
35543
35547
35550
35551
35555
35560
35562
35568
35575
35577
35580
35585
35594
35603
35604
35605
35608
35617
35623
35629
35634
35643
35644
35647
35648
35650
35653
35655
35657
35661
35662
35667
35672
35675
35678
35679
35680
35687
35688
35690
35691
35692
35695
35698
35704
35707
35711
35716
35718
35719
35721
35726
35728
35729
35737
35740
35742
35746
35748
35751
35754
35765
35776
35778
35780
35784
35787
35794
35800
35808
35809
35819
35821
35824
35828
35832
35838
35843
35845
35849
35853
35856
35861
35862
35867
35873
35880
35881
35883
35893
35894
35898
35899
35901
35904
35907
35908
35912
35914
35920
35930
35931
35942
35945
35946
35955
35956
35957
35958
35959
35960
35962
35968
35970
35971
35980
35985
35988
35993
36004
36012
36013
36014
36015
36016
36022
36025
36026
36027
36028
36031
36034
36035
36036
36040
36046
36050
36053
36055
36059
36066
36071
36072
36079
36084
36090
36093
36098
36106
36108
36111
36118
36119
36121
36123
36125
36138
36146
36151
36164
36165
36169
36171
36176
36180
36182
36184
36188
36190
36193
36195
36196
36211
36213
36214
36225
36230
36234
36241
36246
36249
36250
36254
36257
36265
36268
36276
36280
36297
36301
36310
36311
36312
36320
36344
36347
36349
36353
36354
36355
36358
36368
36369
36370
36371
36377
36384
36397
36398
36406
36416
36418
36422
36424
36425
36428
36429
36438
36445
36446
36449
36452
36453
36456
36464
36465
36472
36474
36482
36495
36496
36497
36500
36501
36504
36513
36514
36519
36521
36524
36526
36529
36535
36536
36552
36553
36557
36569
36571
36574
36576
36577
36583
36584
36588
36589
36591
36593
36594
36595
36597
36598
36602
36606
36608
36610
36613
36616
36618
36619
36627
36628
36630
36636
36641
36650
36652
36656
36660
36662
36667
36677
36683
36699
36703
36712
36723
36724
36725
36730
36733
36734
36737
36740
36746
36748
36749
36751
36760
36765
36774
36783
36793
36794
36798
36802
36805
36809
36810
36819
36828
36831
36834
36836
36840
36844
36846
36853
36864
36867
36875
36879
36884
36885
36887
36889
36892
36893
36895
36899
36901
36904
36908
36909
36915
36924
36927
36934
36939
36940
36944
36945
36951
36960
36962
36967
36973
36979
36981
36982
36984
36986
36988
36990
36999
37003
37008
37011
37014
37020
37022
37027
37033
37034
37036
37041
37043
37046
37047
37056
37061
37066
37069
37072
37073
37079
37084
37088
37093
37096
37107
37109
37115
37116
37121
37125
37130
37138
37142
37147
37152
37153
37158
37160
37163
37164
37169
37170
37172
37179
37182
37183
37205
37207
37208
37212
37232
37238
37246
37252
37263
37267
37270
37271
37272
37277
37280
37281
37288
37294
37303
37309
37310
37311
37323
37327
37329
37331
37334
37336
37337
37351
37356
37358
37361
37363
37364
37371
37374
37380
37381
37384
37395
37396
37398
37403
37405
37416
37421
37423
37427
37429
37430
37431
37435
37436
37437
37441
37447
37448
37456
37457
37458
37459
37460
37463
37466
37467
37477
37481
37488
37490
37506
37514
37516
37526
37527
37529
37531
37534
37536
37537
37539
37543
37547
37556
37562
37566
37574
37582
37586
37591
37592
37593
37595
37601
37602
37603
37606
37616
37618
37621
37625
37631
37637
37641
37642
37643
37652
37656
37657
37658
37659
37667
37673
37676
37681
37685
37688
37691
37695
37707
37715
37716
37722
37725
37726
37727
37729
37730
37731
37732
37734
37735
37740
37742
37754
37761
37774
37775
37779
37782
37785
37787
37792
37793
37794
37799
37809
37813
37824
37827
37832
37844
37847
37848
37849
37852
37853
37863
37871
37877
37879
37880
37882
37886
37887
37890
37892
37894
37896
37898
37908
37911
37915
37916
37928
37934
37935
37943
37951
37954
37955
37956
37961
37969
37971
37972
37978
37980
37985
37986
37988
37989
37990
37993
37996
37998
37999
38000
38002
38004
38005
38006
38010
38011
38012
38026
38033
38035
38045
38049
38061
38066
38068
38074
38075
38076
38079
38082
38088
38094
38099
38108
38109
38112
38126
38127
38129
38135
38136
38138
38141
38148
38151
38155
38157
38158
38169
38170
38171
38187
38188
38190
38191
38192
38194
38196
38200
38202
38203
38205
38208
38214
38222
38226
38245
38247
38251
38256
38259
38260
38261
38266
38269
38274
38283
38285
38289
38294
38304
38311
38314
38319
38321
38323
38325
38331
38333
38334
38335
38339
38351
38361
38368
38369
38375
38376
38378
38386
38387
38390
38394
38400
38403
38406
38408
38409
38417
38420
38424
38425
38430
38433
38442
38443
38445
38447
38449
38453
38454
38460
38469
38472
38473
38482
38488
38489
38490
38493
38495
38503
38505
38508
38512
38516
38518
38519
38523
38528
38532
38538
38540
38549
38562
38563
38570
38575
38577
38578
38581
38584
38591
38593
38595
38598
38603
38605
38606
38607
38613
38619
38625
38627
38628
38631
38633
38637
38641
38643
38645
38647
38649
38656
38661
38676
38678
38681
38690
38694
38695
38698
38703
38708
38710
38712
38715
38718
38724
38725
38729
38731
38734
38738
38754
38755
38756
38762
38766
38768
38769
38775
38780
38783
38789
38791
38797
38798
38800
38807
38814
38817
38818
38820
38823
38824
38829
38830
38835
38836
38838
38848
38886
38892
38903
38904
38905
38906
38915
38920
38921
38925
38930
38931
38937
38939
38944
38946
38953
38958
38963
38978
38981
38982
38989
38993
38999
39013
39017
39039
39042
39044
39046
39048
39049
39051
39054
39064
39067
39072
39073
39076
39078
39082
39084
39089
39094
39095
39099
39100
39103
39108
39109
39121
39125
39129
39130
39137
39141
39147
39148
39150
39163
39177
39180
39182
39198
39202
39209
39210
39219
39228
39232
39235
39237
39242
39244
39248
39249
39257
39258
39267
39268
39270
39273
39275
39277
39282
39286
39287
39289
39291
39294
39295
39299
39302
39303
39304
39309
39328
39330
39334
39335
39342
39346
39355
39356
39358
39361
39367
39375
39380
39393
39396
39397
39405
39412
39417
39437
39439
39441
39446
39470
39499
39500
39506
39528
39531
39532
39533
39539
39540
39552
39554
39556
39557
39565
39566
39571
39581
39582
39588
39601
39604
39610
39619
39621
39629
39631
39637
39640
39644
39647
39649
39652
39659
39661
39675
39678
39688
39691
39698
39707
39721
39726
39728
39736
39737
39741
39746
39748
39754
39755
39756
39760
39761
39771
39773
39774
39775
39776
39778
39800
39801
39805
39811
39818
39821
39834
39835
39842
39843
39845
39846
39850
39866
39867
39868
39875
39876
39881
39885
39886
39899
39904
39907
39912
39914
39916
39919
39922
39924
39925
39927
39930
39931
39932
39938
39946
39949
39950
39952
39955
39963
39964
39965
39968
39972
39973
39981
39983
39988
39991
39992
39996
39998
39999
40000
40003
40007
40009
40016
40017
40027
40039
40043
40049
40056
40057
40059
40068
40071
40072
40077
40079
40084
40085
40086
40092
40093
40097
40098
40099
40103
40104
40106
40119
40125
40130
40132
40134
40136
40138
40139
40148
40155
40161
40179
40186
40188
40197
40203
40207
40209
40213
40229
40235
40236
40249
40252
40253
40257
40263
40276
40278
40284
40290
40295
40304
40309
40314
40316
40328
40337
40338
40343
40350
40351
40352
40355
40358
40362
40365
40367
40370
40372
40381
40387
40390
40397
40403
40413
40419
40420
40424
40429
40432
40436
40444
40453
40457
40459
40461
40475
40481
40486
40490
40493
40495
40497
40503
40506
40511
40513
40514
40518
40522
40523
40527
40541
40549
40551
40555
40557
40559
40565
40568
40570
40573
40575
40579
40588
40593
40606
40608
40610
40611
40612
40619
40622
40624
40628
40638
40648
40650
40652
40657
40662
40681
40683
40684
40691
40692
40693
40696
40698
40699
40711
40718
40722
40729
40730
40731
40734
40735
40741
40746
40751
40758
40759
40767
40769
40784
40786
40787
40789
40793
40795
40802
40817
40819
40823
40831
40832
40833
40834
40835
40838
40846
40849
40852
40857
40860
40876
40884
40885
40887
40889
40894
40899
40904
40906
40909
40912
40915
40918
40921
40922
40923
40924
40927
40928
40929
40933
40941
40945
40946
40958
40961
40973
40976
40978
40979
40980
40982
40988
40996
41009
41015
41017
41019
41020
41024
41034
41042
41046
41047
41052
41054
41056
41058
41062
41082
41086
41088
41095
41097
41108
41119
41120
41124
41128
41132
41135
41139
41145
41153
41155
41163
41172
41173
41179
41182
41195
41199
41204
41212
41213
41223
41224
41227
41229
41231
41238
41244
41259
41266
41267
41270
41275
41278
41281
41282
41288
41293
41298
41302
41304
41310
41314
41315
41317
41320
41326
41332
41345
41347
41372
41373
41376
41377
41378
41380
41395
41403
41412
41415
41419
41437
41439
41443
41451
41452
41453
41464
41473
41480
41489
41490
41491
41493
41497
41502
41506
41509
41513
41529
41534
41538
41548
41553
41554
41556
41560
41563
41569
41571
41575
41577
41579
41582
41587
41590
41592
41603
41606
41614
41616
41618
41619
41621
41639
41641
41647
41652
41654
41658
41662
41663
41667
41681
41687
41689
41690
41695
41698
41714
41717
41720
41726
41741
41743
41755
41760
41763
41764
41769
41771
41774
41777
41778
41784
41793
41794
41799
41807
41808
41814
41816
41829
41832
41834
41836
41843
41848
41853
41861
41869
41870
41882
41884
41891
41895
41900
41902
41912
41915
41924
41926
41929
41930
41933
41937
41943
41944
41954
41955
41956
41959
41960
41962
41972
41973
41982
41992
41994
41997
42000
42012
42015
42017
42020
42024
42029
42035
42045
42049
42055
42063
42065
42069
42071
42075
42078
42080
42088
42092
42095
42099
42100
42101
42103
42105
42116
42117
42123
42127
42132
42133
42136
42141
42151
42154
42165
42169
42173
42174
42177
42181
42183
42199
42200
42204
42205
42208
42209
42216
42236
42242
42266
42268
42272
42275
42279
42284
42295
42306
42314
42318
42326
42328
42338
42339
42349
42355
42359
42363
42367
42369
42372
42377
42382
42389
42391
42393
42398
42402
42412
42414
42416
42417
42419
42424
42429
42431
42433
42436
42441
42451
42458
42463
42465
42466
42467
42470
42476
42481
42489
42490
42491
42495
42497
42500
42503
42506
42513
42517
42529
42531
42532
42535
42539
42557
42559
42564
42574
42583
42585
42586
42589
42592
42597
42598
42601
42602
42613
42614
42615
42629
42634
42642
42643
42654
42661
42662
42664
42668
42678
42682
42683
42684
42685
42695
42705
42707
42711
42712
42714
42722
42727
42728
42733
42737
42741
42743
42750
42753
42757
42758
42759
42763
42764
42792
42793
42797
42798
42802
42809
42812
42815
42824
42836
42849
42852
42855
42857
42859
42860
42872
42876
42878
42879
42880
42884
42890
42897
42898
42901
42902
42903
42907
42910
42911
42914
42926
42929
42935
42939
42962
42967
42977
42984
42989
42996
42997
43000
43004
43007
43010
43015
43016
43020
43032
43065
43071
43072
43076
43077
43088
43090
43095
43100
43101
43105
43117
43120
43121
43138
43141
43143
43146
43150
43153
43156
43161
43164
43168
43176
43181
43185
43188
43189
43190
43193
43194
43204
43208
43215
43226
43227
43240
43242
43243
43246
43250
43254
43260
43265
43266
43270
43292
43303
43305
43311
43314
43318
43320
43323
43327
43328
43334
43337
43339
43342
43347
43354
43355
43364
43365
43366
43374
43375
43380
43388
43390
43393
43400
43402
43409
43412
43413
43414
43418
43423
43424
43427
43433
43441
43449
43464
43470
43472
43481
43487
43494
43499
43502
43505
43508
43510
43511
43513
43523
43525
43527
43528
43540
43543
43545
43546
43551
43552
43561
43565
43568
43571
43577
43580
43582
43589
43613
43617
43629
43635
43640
43645
43649
43650
43652
43654
43660
43668
43670
43675
43679
43688
43692
43693
43697
43702
43709
43716
43719
43724
43727
43731
43732
43738
43765
43766
43770
43771
43774
43782
43804
43806
43827
43831
43844
43847
43849
43850
43853
43854
43861
43864
43867
43874
43884
43900
43910
43913
43921
43922
43929
43938
43939
43946
43954
43957
43958
43959
43967
43977
43979
43982
43996
43997
44005
44007
44022
44023
44025
44028
44030
44035
44036
44041
44043
44045
44047
44061
44066
44071
44078
44091
44094
44095
44098
44099
44101
44102
44103
44111
44116
44119
44125
44127
44133
44137
44139
44149
44152
44155
44157
44173
44182
44183
44192
44193
44202
44204
44212
44218
44219
44225
44231
44232
44236
44237
44239
44244
44247
44250
44261
44272
44287
44292
44294
44295
44297
44298
44301
44305
44312
44314
44330
44334
44346
44354
44372
44375
44397
44401
44404
44414
44423
44424
44431
44433
44441
44443
44446
44456
44469
44473
44474
44475
44478
44484
44491
44504
44509
44511
44517
44518
44521
44524
44530
44543
44546
44548
44550
44554
44555
44556
44564
44572
44573
44575
44576
44577
44587
44588
44592
44593
44600
44602
44606
44610
44618
44623
44629
44639
44646
44670
44673
44674
44675
44678
44679
44684
44689
44697
44701
44702
44705
44712
44732
44734
44739
44744
44748
44752
44754
44760
44768
44773
44776
44777
44788
44799
44800
44812
44816
44819
44829
44839
44842
44844
44845
44849
44852
44856
44859
44868
44878
44880
44884
44887
44896
44897
44900
44907
44916
44932
44933
44934
44940
44952
44958
44963
44967
44976
44978
44984
44986
44996
45002
45012
45016
45019
45031
45032
45035
45037
45044
45047
45058
45061
45065
45072
45076
45083
45084
45085
45092
45115
45124
45127
45134
45137
45138
45156
45157
45161
45163
45165
45174
45189
45194
45200
45203
45207
45208
45214
45217
45221
45224
45231
45236
45247
45250
45252
45259
45262
45271
45276
45277
45279
45299
45304
45306
45307
45328
45329
45334
45344
45345
45347
45350
45355
45356
45369
45371
45374
45384
45388
45391
45392
45393
45398
45426
45427
45429
45437
45438
45443
45446
45447
45457
45460
45465
45467
45472
45481
45482
45487
45495
45497
45498
45509
45510
45522
45530
45531
45538
45542
45543
45547
45552
45553
45557
45559
45560
45563
45568
45569
45573
45577
45591
45594
45597
45600
45601
45605
45613
45617
45637
45640
45643
45649
45668
45670
45676
45693
45697
45707
45715
45719
45722
45726
45735
45736
45744
45750
45753
45757
45759
45765
45767
45776
45783
45785
45793
45801
45805
45811
45823
45826
45843
45850
45852
45863
45871
45877
45881
45883
45885
45887
45896
45899
45900
45901
45912
45918
45919
45920
45924
45930
45933
45935
45938
45943
45948
45949
45964
45966
45967
45969
45972
45975
45978
45991
45993
45998
46012
46015
46028
46029
46032
46041
46045
46048
46065
46073
46083
46089
46096
46100
46105
46107
46108
46109
46120
46124
46128
46130
46135
46137
46142
46161
46170
46176
46184
46185
46187
46197
46205
46211
46212
46216
46227
46261
46270
46271
46277
46279
46288
46290
46291
46296
46301
46303
46306
46307
46311
46316
46318
46343
46347
46348
46351
46361
46366
46369
46374
46375
46378
46391
46398
46408
46412
46417
46420
46424
46427
46429
46431
46433
46438
46451
46455
46457
46459
46464
46466
46478
46482
46485
46490
46505
46508
46511
46517
46519
46522
46525
46532
46541
46549
46554
46560
46570
46581
46586
46590
46591
46598
46601
46602
46608
46609
46611
46614
46616
46617
46630
46633
46634
46654
46655
46657
46659
46663
46668
46671
46689
46690
46692
46693
46695
46696
46699
46703
46705
46714
46720
46723
46728
46731
46738
46744
46748
46753
46755
46757
46759
46765
46766
46773
46781
46793
46797
46798
46806
46819
46833
46838
46841
46843
46847
46848
46850
46854
46855
46870
46878
46882
46888
46889
46893
46899
46902
46903
46904
46913
46914
46925
46928
46930
46933
46944
46946
46950
46956
46957
46958
46976
46980
46987
46988
46997
47005
47010
47013
47026
47029
47032
47033
47040
47051
47062
47063
47074
47089
47090
47095
47096
47097
47103
47111
47121
47124
47128
47132
47143
47147
47149
47157
47163
47164
47165
47181
47193
47194
47201
47202
47203
47211
47216
47217
47219
47221
47231
47241
47246
47248
47249
47261
47264
47277
47283
47286
47289
47290
47298
47302
47303
47305
47310
47321
47326
47328
47332
47338
47353
47355
47359
47363
47366
47368
47371
47372
47383
47387
47389
47390
47391
47396
47399
47405
47410
47417
47419
47424
47427
47438
47440
47441
47445
47448
47452
47453
47455
47457
47460
47461
47463
47471
47473
47478
47479
47493
47501
47508
47532
47533
47540
47550
47551
47553
47558
47563
47567
47572
47580
47587
47600
47601
47614
47615
47617
47624
47628
47631
47632
47634
47639
47640
47646
47650
47651
47656
47675
47676
47688
47692
47696
47697
47707
47711
47717
47719
47720
47728
47732
47733
47739
47753
47755
47756
47760
47765
47771
47772
47773
47774
47775
47779
47781
47785
47789
47793
47800
47802
47808
47821
47822
47824
47841
47848
47857
47858
47861
47862
47865
47869
47875
47887
47890
47894
47904
47906
47914
47917
47919
47920
47927
47933
47940
47942
47944
47948
47953
47955
47957
47959
47971
47974
47975
47976
47977
47980
47984
47986
47989
47993
47999
48002
48007
48008
48010
48011
48019
48020
48025
48026
48030
48038
48043
48052
48055
48057
48071
48072
48074
48085
48092
48093
48113
48114
48116
48117
48118
48119
48142
48145
48148
48159
48162
48167
48168
48170
48173
48184
48185
48187
48191
48205
48213
48217
48219
48220
48221
48225
48227
48232
48233
48241
48263
48264
48265
48270
48273
48275
48279
48282
48292
48304
48308
48325
48326
48330
48339
48342
48359
48360
48363
48372
48376
48394
48396
48397
48401
48407
48409
48416
48421
48430
48440
48441
48444
48455
48459
48468
48470
48475
48482
48485
48489
48496
48505
48507
48508
48518
48524
48529
48549
48551
48560
48564
48569
48570
48572
48577
48579
48588
48601
48604
48606
48608
48611
48612
48622
48627
48632
48636
48647
48652
48659
48664
48667
48677
48685
48689
48694
48699
48700
48704
48713
48727
48753
48754
48758
48761
48773
48775
48781
48782
48784
48794
48796
48798
48804
48810
48811
48812
48818
48820
48830
48832
48833
48839
48851
48855
48859
48860
48864
48868
48870
48886
48887
48890
48892
48895
48905
48906
48913
48928
48930
48932
48938
48942
48945
48956
48960
48964
48970
48971
48973
48975
48979
48983
48984
49007
49008
49014
49017
49026
49029
49039
49040
49047
49051
49054
49061
49064
49068
49069
49077
49079
49087
49096
49097
49098
49101
49120
49121
49122
49124
49125
49133
49134
49143
49146
49147
49148
49153
49158
49162
49164
49169
49170
49172
49179
49188
49189
49191
49203
49206
49211
49215
49219
49230
49238
49245
49248
49256
49259
49264
49272
49273
49276
49279
49282
49287
49288
49289
49293
49299
49300
49309
49314
49320
49325
49337
49339
49348
49365
49366
49382
49388
49393
49405
49407
49422
49426
49430
49439
49455
49456
49457
49461
49462
49463
49465
49469
49471
49477
49484
49485
49487
49493
49501
49516
49518
49527
49534
49545
49547
49556
49558
49570
49573
49581
49608
49617
49618
49620
49625
49632
49639
49644
49649
49657
49663
49664
49671
49672
49675
49697
49700
49701
49703
49708
49713
49714
49716
49717
49718
49719
49721
49724
49733
49743
49748
49751
49754
49763
49765
49766
49769
49776
49788
49798
49801
49809
49825
49830
49835
49842
49856
49858
49863
49868
49869
49874
49875
49877
49878
49882
49889
49890
49894
49897
49901
49907
49908
49912
49918
49927
49928
49945
49948
49976
49989
49991
49995
49996
50021
50029
50030
50046
50053
50056
50057
50062
50073
50078
50081
50082
50083
50089
50098
50100
50110
50113
50122
50123
50125
50129
50131
50138
50143
50144
50145
50147
50155
50164
50167
50169
50170
50175
50176
50178
50186
50187
50188
50199
50201
50216
50222
50226
50232
50233
50245
50246
50247
50274
50278
50288
50292
50296
50297
50304
50317
50318
50319
50327
50330
50331
50333
50339
50345
50346
50348
50355
50358
50359
50361
50371
50374
50384
50385
50390
50396
50397
50402
50415
50426
50433
50441
50445
50457
50458
50461
50480
50492
50507
50508
50517
50520
50524
50534
50535
50543
50555
50561
50562
50564
50566
50569
50572
50582
50586
50589
50604
50606
50611
50613
50622
50635
50636
50642
50651
50652
50656
50679
50693
50697
50698
50702
50707
50708
50712
50713
50714
50716
50725
50731
50732
50735
50752
50757
50760
50763
50765
50781
50792
50794
50797
50803
50812
50826
50838
50841
50845
50848
50852
50857
50861
50866
50873
50877
50904
50912
50915
50921
50925
50932
50933
50937
50938
50947
50949
50950
50956
50966
50971
50986
51012
51024
51031
51033
51042
51046
51047
51058
51065
51070
51072
51074
51076
51078
51087
51088
51089
51091
51092
51102
51104
51105
51113
51115
51118
51119
51145
51154
51177
51187
51192
51193
51198
51200
51201
51204
51205
51212
51215
51216
51220
51221
51224
51234
51241
51249
51266
51268
51269
51272
51273
51274
51275
51276
51285
51289
51292
51302
51310
51315
51317
51318
51319
51326
51333
51335
51338
51342
51343
51355
51368
51370
51371
51372
51380
51382
51384
51394
51401
51403
51407
51417
51422
51425
51427
51465
51470
51476
51480
51488
51492
51498
51501
51503
51505
51509
51515
51520
51525
51532
51535
51556
51573
51574
51579
51583
51586
51587
51588
51598
51621
51622
51623
51626
51630
51635
51640
51642
51644
51648
51657
51666
51673
51688
51695
51696
51716
51726
51729
51730
51733
51741
51742
51748
51753
51758
51790
51794
51797
51815
51819
51824
51829
51831
51833
51834
51842
51845
51870
51874
51877
51880
51881
51883
51886
51888
51889
51891
51893
51899
51901
51905
51908
51915
51918
51923
51948
51950
51952
51953
51959
51964
51967
51976
51983
51989
51993
52000
52001
52006
52014
52031
52032
52039
52053
52059
52062
52065
52066
52068
52070
52117
52119
52120
52124
52134
52140
52141
52146
52152
52166
52167
52172
52175
52185
52188
52189
52191
52200
52204
52211
52213
52232
52238
52240
52250
52270
52274
52275
52293
52295
52297
52298
52303
52304
52309
52315
52317
52332
52339
52340
52341
52347
52352
52354
52357
52365
52369
52371
52373
52380
52390
52397
52401
52405
52411
52418
52434
52450
52451
52453
52462
52476
52477
52486
52487
52488
52502
52511
52515
52516
52519
52520
52525
52532
52560
52562
52565
52569
52573
52576
52590
52591
52608
52610
52611
52618
52620
52622
52640
52642
52645
52659
52662
52665
52680
52685
52696
52707
52718
52733
52734
52741
52742
52753
52754
52759
52761
52775
52778
52782
52784
52787
52790
52794
52796
52801
52805
52810
52828
52833
52835
52838
52841
52853
52859
52871
52877
52883
52887
52901
52904
52907
52910
52915
52920
52922
52931
52932
52933
52935
52945
52953
52954
52955
52958
52960
52965
52967
52970
52973
52974
52975
52977
52984
52992
52993
52998
53004
53007
53017
53021
53022
53023
53024
53031
53032
53037
53044
53045
53050
53057
53063
53070
53075
53077
53078
53080
53084
53087
53100
53101
53102
53109
53124
53125
53132
53133
53140
53146
53152
53159
53163
53191
53196
53207
53215
53223
53224
53236
53237
53239
53244
53246
53261
53265
53268
53269
53276
53277
53294
53303
53304
53309
53314
53323
53326
53327
53333
53337
53345
53349
53354
53358
53359
53363
53369
53379
53380
53388
53390
53405
53407
53412
53424
53427
53439
53440
53458
53459
53470
53489
53510
53512
53513
53518
53523
53527
53532
53549
53554
53557
53562
53566
53571
53572
53573
53577
53579
53582
53596
53598
53602
53613
53639
53642
53644
53645
53663
53667
53674
53675
53678
53691
53692
53701
53703
53707
53709
53720
53735
53739
53740
53746
53749
53750
53754
53757
53759
53761
53773
53782
53800
53810
53818
53822
53823
53824
53832
53836
53843
53851
53852
53861
53865
53866
53873
53880
53886
53897
53901
53915
53923
53927
53937
53955
53969
53975
53977
53985
53986
53989
53990
53995
53998
54003
54004
54008
54027
54030
54040
54044
54056
54061
54084
54089
54091
54092
54097
54099
54102
54105
54107
54113
54133
54138
54149
54150
54157
54159
54167
54177
54184
54189
54192
54195
54197
54205
54210
54223
54227
54233
54241
54247
54251
54253
54254
54255
54261
54264
54277
54285
54293
54294
54304
54307
54315
54324
54331
54333
54338
54350
54360
54372
54374
54376
54383
54386
54392
54397
54404
54419
54430
54439
54444
54450
54455
54471
54474
54476
54478
54497
54507
54508
54523
54527
54529
54539
54547
54556
54557
54559
54562
54572
54577
54578
54580
54582
54587
54588
54589
54590
54600
54607
54616
54621
54622
54638
54641
54649
54659
54664
54667
54668
54677
54686
54690
54693
54697
54699
54703
54706
54713
54719
54723
54738
54739
54741
54743
54751
54759
54789
54794
54797
54818
54837
54851
54853
54866
54869
54872
54874
54878
54883
54894
54907
54909
54934
54938
54940
54953
54962
54972
54978
54987
54996
55000
55006
55008
55018
55020
55021
55024
55032
55045
55046
55047
55074
55079
55080
55108
55112
55114
55120
55121
55125
55129
55135
55141
55143
55148
55150
55158
55160
55170
55175
55189
55195
55197
55201
55211
55213
55247
55249
55264
55274
55275
55278
55288
55289
55290
55293
55298
55299
55307
55322
55323
55327
55334
55338
55348
55373
55375
55384
55403
55404
55409
55411
55435
55441
55450
55451
55465
55468
55471
55483
55487
55489
55492
55502
55503
55508
55521
55531
55544
55549
55552
55557
55559
55564
55573
55579
55581
55588
55594
55613
55616
55619
55627
55628
55630
55640
55658
55659
55661
55665
55671
55680
55684
55685
55686
55687
55688
55692
55694
55697
55707
55709
55711
55739
55748
55755
55769
55771
55772
55773
55775
55778
55781
55786
55791
55792
55798
55802
55803
55804
55818
55823
55827
55840
55848
55852
55856
55860
55864
55889
55898
55910
55915
55917
55927
55931
55941
55943
55950
55953
55955
55956
55959
55961
55968
55981
55984
55994
56002
56004
56007
56010
56022
56024
56031
56041
56050
56059
56060
56064
56087
56092
56095
56098
56105
56114
56127
56129
56133
56134
56139
56142
56147
56149
56150
56161
56168
56170
56179
56183
56193
56199
56212
56214
56218
56225
56232
56234
56240
56246
56248
56250
56252
56253
56255
56262
56266
56267
56270
56280
56291
56293
56295
56316
56317
56320
56328
56330
56332
56368
56373
56376
56378
56380
56397
56399
56402
56415
56427
56434
56435
56438
56439
56445
56446
56455
56460
56468
56470
56478
56482
56485
56489
56491
56497
56508
56511
56518
56538
56546
56558
56571
56575
56588
56593
56596
56597
56598
56605
56611
56623
56649
56658
56670
56671
56678
56679
56689
56697
56702
56703
56714
56723
56727
56728
56743
56745
56753
56761
56764
56768
56769
56777
56788
56792
56793
56795
56821
56822
56823
56831
56854
56860
56879
56881
56885
56898
56900
56905
56907
56909
56919
56925
56931
56933
56934
56940
56941
56946
56948
56964
56977
56986
56992
56997
57002
57003
57004
57013
57028
57029
57035
57048
57049
57063
57064
57065
57078
57081
57084
57106
57112
57126
57129
57139
57149
57150
57152
57154
57155
57163
57167
57172
57173
57174
57178
57205
57208
57210
57231
57236
57241
57242
57248
57250
57262
57267
57268
57269
57282
57287
57292
57297
57299
57308
57316
57317
57325
57339
57341
57353
57354
57357
57359
57360
57371
57389
57393
57402
57409
57417
57423
57436
57440
57441
57442
57444
57450
57454
57455
57464
57468
57469
57471
57475
57479
57488
57491
57496
57508
57513
57520
57526
57528
57532
57534
57535
57536
57542
57545
57550
57551
57554
57559
57570
57571
57572
57576
57589
57590
57592
57599
57606
57610
57660
57668
57670
57674
57683
57684
57689
57690
57703
57707
57708
57712
57717
57724
57731
57739
57740
57745
57752
57763
57764
57770
57774
57807
57810
57813
57814
57815
57818
57825
57835
57836
57844
57866
57867
57890
57895
57913
57917
57918
57925
57933
57943
57949
57956
57957
57964
57965
57972
57990
57997
58016
58017
58034
58036
58041
58042
58044
58046
58053
58071
58075
58077
58084
58085
58093
58111
58118
58120
58124
58136
58142
58146
58152
58156
58161
58162
58172
58173
58191
58205
58222
58226
58231
58233
58237
58248
58250
58257
58267
58276
58278
58284
58286
58300
58302
58305
58309
58317
58333
58336
58345
58347
58350
58351
58362
58364
58369
58371
58374
58377
58384
58396
58400
58401
58405
58410
58411
58417
58421
58423
58426
58433
58435
58446
58460
58469
58477
58483
58485
58496
58502
58507
58520
58523
58533
58540
58554
58558
58564
58574
58581
58584
58587
58589
58593
58594
58603
58612
58616
58621
58623
58634
58646
58647
58651
58655
58659
58671
58680
58693
58694
58699
58701
58716
58729
58740
58742
58751
58755
58759
58766
58768
58776
58780
58783
58800
58807
58810
58812
58828
58843
58860
58883
58896
58901
58911
58918
58919
58921
58925
58932
58938
58956
58957
58980
58982
58984
58987
58990
58995
59007
59009
59012
59014
59018
59022
59052
59055
59056
59059
59069
59079
59080
59110
59116
59124
59128
59140
59145
59161
59176
59177
59178
59182
59187
59198
59199
59204
59205
59211
59214
59218
59229
59231
59234
59256
59267
59273
59276
59284
59286
59300
59303
59308
59317
59322
59324
59326
59327
59328
59337
59348
59355
59362
59364
59365
59383
59386
59408
59432
59446
59451
59454
59460
59476
59479
59480
59492
59493
59500
59502
59505
59514
59521
59533
59542
59547
59549
59557
59563
59565
59570
59571
59585
59598
59605
59606
59610
59612
59622
59624
59632
59637
59642
59647
59653
59663
59670
59671
59672
59673
59680
59686
59689
59701
59702
59710
59713
59716
59717
59724
59733
59739
59760
59763
59769
59780
59781
59785
59793
59794
59796
59799
59802
59824
59829
59843
59844
59852
59853
59860
59865
59869
59870
59877
59879
59880
59882
59883
59890
59915
59916
59929
59930
59944
59946
59957
59965
59966
59970
59977
59987
60002
60003
60010
60012
60020
60025
60026
60029
60033
60037
60046
60052
60054
60055
60059
60060
60073
60082
60100
60101
60109
60122
60126
60143
60145
60154
60162
60173
60179
60180
60186
60210
60217
60226
60236
60251
60258
60259
60264
60267
60271
60273
60277
60280
60282
60285
60312
60316
60317
60318
60322
60325
60329
60333
60360
60363
60386
60391
60403
60404
60406
60426
60433
60453
60459
60465
60467
60470
60476
60481
60489
60491
60493
60494
60514
60516
60517
60518
60520
60526
60528
60545
60553
60554
60560
60564
60565
60568
60578
60592
60593
60599
60602
60606
60612
60627
60631
60633
60648
60658
60667
60675
60681
60690
60707
60712
60718
60735
60738
60743
60756
60775
60782
60783
60794
60796
60810
60814
60815
60829
60831
60840
60851
60854
60857
60858
60862
60866
60876
60881
60891
60893
60907
60919
60922
60939
60967
60977
60983
60984
60988
60991
60995
60996
60997
61005
61030
61036
61038
61060
61073
61079
61095
61103
61106
61107
61108
61116
61117
61126
61161
61165
61170
61171
61192
61195
61209
61211
61228
61232
61261
61264
61274
61282
61310
61312
61337
61338
61342
61352
61367
61368
61369
61383
61384
61386
61389
61401
61405
61411
61427
61442
61444
61446
61450
61453
61468
61471
61476
61483
61485
61493
61501
61527
61544
61552
61558
61568
61571
61574
61576
61586
61594
61601
61604
61610
61617
61620
61637
61643
61644
61646
61659
61660
61669
61671
61672
61678
61682
61684
61685
61686
61696
61698
61726
61732
61738
61741
61758
61759
61769
61772
61794
61801
61802
61806
61815
61816
61818
61834
61836
61862
61878
61879
61880
61889
61899
61911
61921
61925
61928
61932
61939
61946
61958
61966
61971
61987
61988
62002
62020
62024
62029
62042
62043
62047
62049
62059
62065
62072
62073
62078
62095
62096
62097
62106
62116
62119
62130
62131
62133
62135
62138
62141
62143
62162
62183
62196
62197
62198
62207
62214
62217
62236
62238
62251
62254
62257
62259
62262
62266
62285
62291
62305
62312
62314
62316
62321
62327
62332
62335
62337
62364
62366
62381
62398
62406
62407
62411
62414
62423
62428
62447
62454
62456
62462
62490
62491
62509
62512
62517
62538
62543
62549
62550
62553
62579
62595
62605
62609
62626
62634
62639
62643
62659
62667
62689
62691
62695
62700
62723
62724
62727
62731
62737
62744
62746
62747
62750
62751
62755
62756
62762
62766
62771
62778
62780
62803
62807
62810
62814
62819
62833
62834
62837
62841
62842
62862
62871
62872
62881
62899
62900
62906
62912
62919
62929
62930
62941
62948
62957
62959
62963
62966
62971
62980
62988
62991
62992
63006
63011
63013
63020
63034
63056
63079
63086
63094
63099
63113
63117
63118
63119
63138
63139
63149
63157
63161
63164
63165
63173
63174
63186
63187
63189
63192
63193
63204
63212
63230
63232
63243
63244
63250
63261
63264
63265
63266
63278
63280
63281
63297
63299
63307
63319
63320
63330
63335
63340
63343
63350
63359
63365
63368
63375
63391
63393
63396
63406
63442
63452
63453
63464
63468
63471
63476
63478
63489
63492
63501
63505
63516
63520
63521
63548
63559
63561
63575
63576
63579
63584
63605
63606
63616
63647
63649
63653
63656
63661
63669
63682
63687
63690
63692
63702
63718
63723
63727
63728
63735
63736
63738
63757
63781
63792
63818
63821
63822
63824
63829
63844
63845
63854
63858
63860
63863
63869
63871
63873
63893
63896
63905
63908
63917
63923
63927
63929
63935
63954
63961
63967
63982
63985
63990
63998
64004
64005
64006
64013
64015
64017
64021
64024
64029
64040
64042
64044
64046
64057
64065
64069
64070
64073
64090
64101
64108
64111
64127
64130
64132
64133
64135
64138
64145
64146
64155
64163
64164
64173
64194
64203
64219
64231
64234
64235
64251
64258
64285
64295
64298
64312
64319
64344
64349
64355
64358
64360
64370
64375
64376
64381
64395
64403
64416
64422
64424
64425
64428
64454
64455
64460
64462
64476
64483
64485
64486
64489
64503
64504
64512
64522
64528
64531
64538
64547
64558
64561
64591
64595
64599
64604
64619
64622
64624
64633
64639
64649
64650
64653
64663
64673
64674
64679
64681
64682
64688
64689
64697
64700
64706
64723
64726
64732
64756
64763
64777
64783
64785
64794
64798
64804
64810
64811
64816
64818
64830
64835
64836
64838
64846
64850
64872
64882
64889
64893
64894
64901
64910
64913
64914
64915
64927
64941
64944
64945
64951
64976
64990
64992
65001
65030
65042
65053
65063
65064
65070
65079
65081
65086
65088
65100
65109
65119
65136
65139
65141
65145
65150
65164
65177
65184
65194
65196
65201
65205
65206
65217
65229
65244
65250
65251
65252
65261
65268
65269
65275
65277
65278
65298
65313
65314
65316
65319
65335
65337
65338
65342
65363
65368
65373
65379
65389
65390
65393
65395
65399
65401
65406
65407
65410
65411
65414
65425
65426
65431
65436
65439
65444
65446
65454
65461
65463
65464
65465
65473
65478
65486
65489
65491
65496
65498
65500
65511
65513
65523
65529
65538
65546
65554
65555
65560
65581
65582
65585
65593
65604
65611
65618
65621
65623
65625
65630
65637
65649
65655
65676
65690
65708
65710
65711
65721
65731
65749
65757
65762
65765
65771
65789
65794
65832
65838
65870
65878
65883
65884
65885
65886
65895
65902
65918
65923
65930
65932
65937
65941
65950
65972
65973
65975
66000
66007
66018
66029
66034
66052
66054
66064
66069
66071
66074
66102
66119
66134
66153
66170
66172
66181
66191
66204
66214
66217
66231
66233
66244
66249
66254
66264
66269
66282
66306
66309
66317
66322
66323
66324
66325
66328
66337
66347
66351
66362
66365
66366
66375
66394
66396
66404
66420
66425
66440
66447
66454
66469
66473
66474
66480
66486
66508
66517
66522
66532
66533
66534
66536
66555
66558
66559
66569
66576
66577
66580
66583
66584
66586
66588
66590
66592
66605
66606
66615
66631
66636
66649
66657
66667
66671
66690
66702
66706
66713
66719
66723
66730
66741
66744
66754
66762
66768
66770
66773
66788
66789
66793
66811
66825
66848
66857
66858
66862
66877
66882
66885
66888
66903
66908
66919
66967
66969
66973
66975
66976
66977
66979
66983
67008
67016
67017
67022
67038
67039
67044
67047
67065
67070
67085
67095
67115
67126
67133
67138
67147
67156
67167
67168
67190
67212
67230
67234
67268
67272
67283
67284
67291
67307
67315
67345
67374
67375
67377
67388
67399
67409
67418
67419
67433
67446
67448
67463
67464
67467
67479
67486
67491
67499
67503
67504
67516
67518
67524
67526
67528
67537
67538
67539
67571
67573
67575
67577
67578
67586
67590
67591
67605
67625
67635
67639
67654
67663
67676
67677
67680
67691
67708
67710
67724
67729
67739
67745
67747
67752
67772
67775
67779
67802
67806
67807
67821
67828
67850
67854
67861
67872
67887
67898
67913
67921
67929
67938
67940
67949
67951
67976
67978
67981
67988
67994
68005
68015
68017
68019
68022
68034
68037
68044
68053
68066
68071
68094
68104
68118
68126
68127
68144
68160
68163
68168
68173
68184
68197
68208
68218
68228
68242
68255
68267
68279
68291
68300
68301
68304
68312
68313
68327
68328
68336
68346
68349
68350
68354
68361
68369
68394
68395
68396
68401
68403
68405
68411
68414
68417
68422
68426
68434
68445
68457
68458
68463
68464
68469
68473
68476
68487
68502
68509
68526
68527
68531
68559
68560
68565
68567
68570
68572
68578
68589
68600
68620
68622
68632
68641
68647
68652
68659
68662
68672
68710
68716
68724
68725
68737
68742
68755
68767
68769
68777
68783
68792
68802
68803
68826
68829
68831
68844
68852
68857
68887
68890
68892
68894
68903
68912
68914
68924
68925
68935
68948
68949
68957
68960
68962
68969
68978
68985
68998
69006
69024
69031
69033
69039
69047
69050
69063
69078
69084
69088
69089
69091
69107
69112
69126
69137
69172
69180
69186
69193
69208
69220
69226
69237
69243
69249
69255
69264
69267
69268
69295
69301
69305
69308
69335
69352
69354
69355
69358
69359
69374
69375
69376
69393
69400
69402
69419
69429
69430
69441
69452
69454
69464
69466
69472
69475
69481
69486
69496
69499
69501
69504
69515
69516
69517
69518
69525
69540
69563
69567
69569
69574
69612
69622
69631
69633
69634
69635
69660
69692
69695
69696
69703
69710
69730
69744
69764
69765
69768
69770
69777
69788
69792
69798
69805
69808
69812
69815
69831
69832
69842
69854
69882
69884
69892
69898
69907
69908
69917
69926
69928
69938
69940
69945
69947
69958
69961
69962
69974
69976
69983
69988
70004
70005
70007
70008
70012
70013
70029
70032
70037
70041
70049
70051
70068
70069
70084
70085
70093
70097
70110
70113
70126
70139
70141
70153
70157
70159
70161
70165
70172
70176
70193
70197
70204
70206
70212
70219
70221
70227
70229
70238
70244
70255
70266
70278
70290
70292
70304
70307
70312
70313
70316
70319
70322
70338
70342
70343
70381
70383
70385
70389
70391
70410
70416
70433
70434
70454
70457
70464
70485
70490
70496
70500
70505
70513
70514
70518
70521
70527
70532
70534
70535
70551
70553
70556
70574
70575
70585
70594
70625
70627
70629
70649
70664
70665
70666
70682
70689
70697
70714
70728
70735
70755
70760
70768
70782
70795
70797
70807
70809
70818
70821
70825
70826
70833
70842
70883
70898
70901
70928
70932
70944
70945
70948
70950
70975
70981
70986
70988
70996
71008
71015
71017
71022
71029
71039
71052
71053
71065
71072
71093
71094
71101
71102
71141
71142
71144
71145
71147
71152
71158
71164
71180
71181
71186
71187
71188
71194
71196
71213
71214
71217
71220
71240
71243
71252
71267
71281
71285
71287
71296
71299
71309
71320
71376
71391
71406
71408
71422
71428
71432
71433
71448
71451
71452
71458
71464
71483
71492
71495
71496
71512
71520
71522
71528
71545
71548
71552
71553
71570
71590
71592
71595
71617
71633
71634
71647
71651
71655
71659
71679
71681
71686
71692
71694
71715
71743
71750
71755
71761
71764
71766
71774
71778
71786
71805
71814
71821
71838
71861
71866
71875
71877
71878
71888
71903
71905
71911
71914
71915
71921
71923
71933
71946
71959
71963
71967
71989
71999
72012
72047
72049
72063
72066
72067
72072
72091
72097
72099
72105
72108
72110
72115
72116
72128
72141
72150
72156
72170
72172
72181
72185
72191
72198
72204
72211
72213
72216
72240
72277
72280
72285
72288
72308
72310
72322
72325
72328
72346
72361
72364
72371
72384
72385
72390
72405
72410
72414
72444
72454
72464
72466
72470
72473
72479
72496
72550
72553
72559
72567
72569
72573
72595
72603
72605
72611
72613
72619
72624
72626
72631
72632
72636
72637
72645
72657
72667
72694
72699
72707
72710
72711
72716
72731
72735
72743
72751
72754
72783
72799
72805
72809
72812
72838
72840
72854
72858
72885
72887
72906
72938
72940
72958
72963
72964
72965
72981
72983
72992
72996
73009
73016
73019
73033
73048
73054
73055
73059
73064
73074
73083
73093
73096
73097
73113
73114
73117
73118
73119
73145
73165
73171
73172
73197
73206
73209
73211
73216
73219
73220
73227
73228
73234
73246
73250
73254
73262
73272
73280
73289
73292
73299
73314
73336
73356
73360
73361
73387
73397
73399
73402
73406
73414
73418
73421
73425
73455
73477
73486
73507
73516
73520
73531
73533
73548
73555
73560
73561
73573
73581
73595
73596
73603
73613
73627
73638
73643
73661
73669
73671
73682
73705
73709
73732
73735
73738
73752
73754
73756
73770
73779
73789
73801
73802
73833
73846
73850
73858
73875
73883
73892
73908
73911
73945
73948
73951
73956
73957
73971
73972
74027
74042
74047
74048
74055
74062
74075
74083
74104
74106
74117
74119
74137
74145
74150
74151
74152
74153
74157
74162
74177
74179
74182
74193
74201
74216
74224
74236
74238
74262
74270
74271
74286
74287
74302
74324
74338
74355
74361
74381
74397
74430
74442
74443
74451
74455
74471
74477
74490
74493
74504
74528
74537
74550
74556
74558
74565
74568
74574
74593
74614
74626
74634
74635
74648
74649
74670
74671
74691
74697
74701
74715
74717
74734
74751
74756
74757
74762
74767
74768
74769
74773
74785
74794
74801
74804
74808
74830
74833
74849
74851
74869
74872
74876
74877
74885
74903
74907
74921
74923
74927
74936
74946
74970
74988
74992
74995
75015
75051
75054
75058
75068
75103
75108
75125
75131
75132
75136
75140
75143
75150
75151
75165
75179
75180
75200
75203
75222
75227
75230
75243
75245
75258
75275
75282
75293
75297
75305
75312
75314
75320
75323
75327
75331
75335
75336
75352
75354
75357
75364
75395
75401
75419
75425
75446
75447
75458
75461
75463
75469
75503
75509
75515
75516
75528
75544
75549
75555
75579
75583
75584
75587
75593
75600
75618
75625
75629
75630
75649
75652
75672
75673
75683
75696
75706
75711
75714
75715
75724
75725
75740
75751
75759
75793
75810
75828
75829
75833
75838
75843
75848
75853
75855
75865
75880
75882
75897
75899
75900
75902
75918
75931
75959
75964
75988
76002
76008
76018
76026
76037
76046
76048
76051
76067
76068
76077
76095
76104
76113
76129
76147
76164
76176
76192
76201
76203
76223
76225
76227
76229
76232
76270
76289
76303
76319
76342
76358
76360
76365
76366
76373
76381
76387
76410
76419
76433
76442
76443
76448
76452
76461
76471
76478
76498
76500
76503
76504
76506
76512
76514
76520
76526
76531
76538
76543
76557
76575
76577
76583
76588
76615
76626
76627
76632
76634
76635
76669
76673
76674
76680
76684
76696
76698
76707
76721
76729
76730
76736
76752
76753
76754
76763
76775
76776
76781
76786
76787
76793
76794
76802
76803
76818
76823
76827
76828
76836
76842
76856
76862
76868
76886
76888
76892
76901
76902
76916
76926
76939
76942
76945
76946
76951
76954
76957
76978
76980
76983
76991
76996
77004
77011
77028
77031
77033
77043
77047
77051
77064
77067
77068
77082
77104
77107
77130
77136
77149
77181
77182
77184
77202
77218
77227
77235
77237
77244
77245
77248
77249
77252
77256
77258
77265
77267
77278
77282
77285
77292
77299
77302
77303
77305
77312
77318
77330
77336
77339
77340
77358
77365
77379
77380
77391
77397
77405
77420
77423
77440
77444
77450
77456
77463
77470
77474
77517
77518
77528
77564
77573
77607
77615
77616
77626
77632
77646
77673
77680
77691
77703
77717
77719
77721
77725
77742
77754
77761
77769
77773
77785
77791
77810
77823
77850
77864
77869
77881
77882
77885
77913
77920
77923
77924
77937
77942
77948
77952
77972
77985
77987
77991
78000
78012
78014
78019
78020
78026
78029
78033
78036
78062
78067
78069
78080
78083
78098
78111
78118
78119
78130
78132
78134
78138
78148
78161
78169
78185
78211
78219
78222
78242
78253
78263
78279
78285
78289
78290
78297
78300
78301
78302
78320
78322
78334
78337
78349
78355
78358
78359
78361
78367
78379
78387
78399
78407
78413
78425
78433
78450
78457
78458
78460
78464
78465
78482
78489
78490
78503
78536
78547
78560
78562
78572
78574
78589
78599
78606
78611
78621
78636
78676
78683
78685
78699
78713
78724
78741
78766
78777
78795
78818
78827
78837
78840
78869
78885
78891
78912
78913
78919
78923
78928
78931
78934
78935
78937
78950
78956
78976
78991
78992
79015
79021
79024
79033
79036
79037
79046
79049
79057
79077
79098
79103
79107
79114
79118
79132
79139
79161
79165
79174
79180
79182
79185
79201
79202
79213
79220
79221
79232
79241
79242
79243
79260
79266
79268
79277
79285
79300
79304
79320
79321
79331
79342
79351
79372
79377
79381
79388
79411
79420
79446
79470
79476
79478
79482
79497
79500
79513
79547
79570
79575
79577
79584
79589
79596
79597
79604
79615
79623
79631
79636
79650
79657
79660
79661
79665
79687
79706
79721
79724
79726
79732
79742
79750
79751
79757
79783
79790
79800
79809
79811
79837
79852
79858
79863
79869
79873
79881
79885
79911
79918
79933
79954
79957
79987
79988
79993
79994
80018
80036
80037
80045
80050
80054
80058
80060
80073
80084
80086
80105
80107
80115
80126
80131
80139
80154
80158
80165
80186
80229
80234
80255
80261
80265
80277
80278
80285
80295
80298
80300
80313
80314
80317
80330
80331
80336
80337
80347
80348
80350
80358
80360
80365
80400
80403
80421
80431
80432
80439
80445
80446
80457
80464
80466
80470
80483
80516
80523
80524
80527
80534
80547
80553
80563
80566
80583
80589
80612
80620
80640
80650
80671
80681
80692
80695
80702
80706
80747
80761
80763
80776
80785
80801
80815
80816
80817
80818
80820
80823
80832
80837
80867
80870
80872
80886
80898
80900
80901
80904
80916
80928
80931
80943
80946
80968
80973
80986
80992
80993
81021
81047
81062
81066
81085
81091
81100
81116
81120
81123
81160
81167
81188
81189
81193
81211
81218
81219
81222
81231
81250
81253
81269
81279
81280
81281
81284
81295
81336
81345
81347
81354
81369
81380
81387
81396
81403
81411
81414
81454
81473
81474
81486
81487
81491
81497
81519
81520
81555
81572
81585
81589
81592
81598
81615
81645
81648
81654
81665
81673
81684
81689
81699
81715
81726
81761
81779
81787
81802
81847
81859
81870
81872
81873
81885
81897
81898
81923
81954
81955
81977
81978
81984
81987
82004
82015
82040
82042
82046
82047
82049
82054
82067
82089
82094
82095
82105
82111
82115
82124
82127
82134
82147
82151
82160
82168
82170
82184
82207
82220
82248
82251
82253
82257
82264
82286
82287
82295
82312
82363
82377
82385
82388
82389
82391
82400
82405
82428
82431
82439
82454
82460
82464
82473
82499
82501
82505
82512
82515
82518
82526
82537
82553
82555
82558
82562
82586
82602
82610
82617
82622
82624
82637
82643
82644
82651
82670
82672
82674
82680
82687
82699
82714
82717
82721
82756
82808
82819
82833
82850
82852
82870
82885
82895
82898
82911
82915
82923
82926
82938
82939
82943
82978
82980
82984
82987
82989
82996
83044
83052
83056
83092
83106
83108
83113
83115
83146
83167
83201
83208
83211
83212
83214
83218
83223
83233
83236
83241
83262
83264
83267
83268
83274
83286
83290
83321
83327
83331
83345
83372
83374
83394
83421
83437
83445
83457
83466
83467
83481
83485
83486
83493
83495
83501
83523
83525
83534
83553
83555
83562
83565
83592
83617
83620
83642
83671
83679
83697
83711
83714
83719
83729
83743
83750
83772
83782
83791
83800
83802
83841
83849
83855
83871
83875
83879
83880
83885
83886
83902
83906
83929
83947
83967
83971
84008
84027
84040
84050
84059
84069
84076
84086
84106
84124
84125
84134
84135
84139
84150
84152
84163
84176
84189
84197
84199
84209
84212
84221
84225
84228
84232
84239
84243
84244
84247
84250
84271
84273
84277
84278
84282
84309
84310
84314
84332
84340
84348
84362
84367
84384
84408
84419
84422
84431
84458
84466
84473
84476
84481
84484
84497
84502
84513
84554
84576
84577
84582
84591
84601
84612
84634
84635
84637
84640
84642
84644
84658
84664
84670
84671
84678
84681
84691
84714
84717
84718
84727
84728
84736
84755
84770
84776
84787
84796
84805
84815
84817
84823
84824
84828
84838
84906
84925
84935
84947
84948
84964
84969
84972
84974
85023
85062
85088
85101
85123
85156
85160
85170
85175
85186
85190
85222
85236
85238
85249
85252
85262
85266
85267
85279
85286
85315
85335
85353
85354
85365
85366
85373
85377
85380
85383
85392
85406
85410
85418
85421
85446
85449
85482
85487
85489
85501
85502
85505
85514
85517
85557
85582
85588
85596
85597
85600
85603
85606
85614
85615
85621
85623
85632
85639
85657
85662
85666
85678
85679
85681
85683
85686
85703
85728
85730
85744
85750
85763
85769
85774
85784
85806
85817
85821
85850
85864
85868
85870
85877
85901
85925
85943
85958
85978
85982
85983
85986
85993
85994
86018
86025
86034
86037
86045
86047
86052
86055
86057
86072
86084
86090
86112
86117
86120
86122
86124
86133
86153
86196
86201
86217
86248
86272
86273
86294
86295
86297
86306
86307
86311
86329
86330
86335
86338
86365
86372
86379
86389
86394
86414
86418
86424
86443
86469
86472
86479
86491
86499
86511
86512
86522
86523
86528
86538
86544
86546
86551
86581
86585
86587
86602
86608
86615
86622
86626
86671
86695
86697
86711
86719
86725
86730
86740
86750
86753
86771
86779
86789
86806
86811
86824
86827
86840
86849
86853
86891
86892
86908
86916
86926
86990
86995
87007
87033
87045
87064
87075
87086
87101
87109
87110
87117
87119
87129
87130
87145
87150
87154
87160
87171
87172
87173
87174
87187
87197
87243
87247
87262
87269
87275
87301
87302
87317
87326
87327
87330
87363
87374
87378
87413
87423
87442
87443
87447
87464
87470
87500
87502
87506
87513
87533
87539
87554
87565
87566
87567
87579
87581
87584
87593
87599
87600
87606
87616
87624
87643
87644
87672
87680
87683
87694
87695
87701
87709
87715
87737
87740
87749
87773
87775
87817
87819
87828
87841
87869
87871
87882
87890
87899
87927
87930
87950
87960
87964
87967
87970
87972
87990
87991
87996
87999
88004
88013
88017
88036
88037
88055
88064
88086
88090
88098
88130
88138
88173
88183
88193
88194
88202
88205
88224
88251
88274
88283
88295
88300
88308
88324
88325
88331
88341
88361
88367
88378
88379
88408
88423
88425
88428
88429
88452
88456
88461
88463
88474
88502
88504
88515
88556
88611
88631
88634
88635
88637
88655
88673
88705
88732
88733
88752
88753
88757
88760
88764
88770
88794
88816
88817
88824
88827
88838
88842
88870
88872
88877
88884
88885
88894
88905
88907
88919
88929
88943
88953
88960
88963
89009
89012
89018
89063
89067
89077
89079
89084
89092
89095
89109
89118
89122
89124
89145
89155
89161
89176
89187
89190
89219
89254
89255
89265
89266
89291
89303
89305
89322
89328
89338
89340
89359
89370
89413
89432
89434
89441
89445
89456
89469
89472
89494
89497
89500
89516
89518
89531
89536
89542
89563
89587
89616
89621
89622
89629
89630
89647
89650
89660
89676
89679
89681
89691
89696
89710
89724
89728
89729
89748
89751
89759
89788
89795
89802
89818
89838
89848
89850
89857
89879
89882
89892
89895
89932
89934
89943
89958
89976
89982
90002
90027
90031
90044
90048
90069
90073
90074
90100
90101
90118
90128
90130
90146
90147
90174
90181
90198
90222
90223
90230
90258
90259
90274
90277
90288
90336
90363
90406
90409
90446
90448
90484
90512
90535
90551
90555
90560
90563
90573
90574
90598
90609
90617
90635
90650
90655
90657
90660
90681
90687
90689
90690
90692
90696
90700
90709
90718
90737
90751
90752
90766
90790
90833
90837
90860
90876
90878
90879
90933
90950
90955
90973
90991
91008
91028
91035
91037
91057
91063
91101
91104
91110
91125
91131
91140
91145
91151
91158
91170
91182
91190
91199
91212
91250
91264
91268
91276
91278
91291
91293
91302
91312
91314
91315
91330
91332
91342
91345
91349
91355
91360
91373
91458
91469
91480
91514
91531
91535
91540
91543
91546
91547
91566
91581
91585
91600
91606
91613
91630
91636
91681
91689
91694
91703
91748
91755
91759
91761
91788
91822
91840
91841
91848
91850
91868
91892
91905
91924
91938
91952
91967
91971
91975
91986
91993
92010
92016
92019
92031
92039
92046
92055
92071
92077
92085
92090
92116
92133
92150
92164
92180
92184
92194
92209
92216
92217
92226
92235
92237
92266
92278
92288
92296
92299
92332
92340
92358
92361
92366
92368
92369
92386
92412
92413
92429
92438
92460
92493
92495
92506
92527
92535
92548
92550
92589
92603
92625
92649
92671
92673
92679
92698
92712
92725
92737
92743
92751
92756
92788
92794
92803
92808
92811
92814
92823
92829
92838
92844
92845
92849
92861
92864
92869
92898
92934
92943
92962
92972
92974
92977
92991
93021
93023
93030
93044
93062
93067
93079
93088
93091
93093
93098
93104
93122
93128
93132
93133
93137
93142
93160
93167
93174
93180
93181
93182
93183
93193
93212
93222
93244
93260
93300
93324
93342
93372
93409
93430
93432
93435
93445
93447
93459
93482
93485
93529
93531
93534
93548
93569
93583
93586
93587
93602
93615
93616
93630
93631
93641
93651
93655
93680
93704
93713
93720
93729
93764
93767
93778
93785
93788
93801
93827
93856
93863
93865
93868
93870
93873
93882
93883
93890
93920
93933
93934
94001
94015
94019
94029
94035
94081
94085
94090
94096
94111
94112
94160
94170
94172
94175
94190
94219
94231
94257
94305
94311
94337
94381
94408
94411
94415
94428
94433
94441
94450
94453
94466
94472
94480
94487
94497
94519
94542
94553
94580
94589
94610
94613
94621
94662
94674
94680
94702
94710
94718
94722
94724
94726
94734
94735
94787
94807
94809
94834
94858
94877
94904
94927
94932
94956
94964
94968
94988
95001
95005
95013
95024
95032
95058
95070
95074
95088
95095
95103
95113
95114
95116
95150
95171
95177
95199
95210
95215
95217
95218
95235
95259
95265
95277
95281
95288
95332
95334
95349
95360
95362
95369
95373
95379
95381
95396
95409
95415
95422
95429
95432
95446
95449
95461
95462
95476
95490
95502
95516
95521
95527
95540
95556
95558
95559
95601
95620
95667
95677
95681
95686
95707
95718
98116
98817
149999
155023
155199
156532
158819
159029
159034
160740
161530
162281
162754
164927
166525
168891
169286
169553
171171
171381
171446
171588
171893
172064
172361
172499
174120
174785
175762
175941
176703
177034
182349
183485
183724
184854
184883
185440
185672
186920
187163
187164
187353
188460
188807
189816
190632
190953
193064
193553
194449
197245
198742
199189
199348
200217
200271
201168
201304
201962
202201
205228
205774
205822
207029
207180
207565
207675
208489
208861
209218
209490
211342
211614
212266
212393
215332
215413
215682
216350
218784
218940
220497
220921
223486
224834
225356
225487
226699
228051
228343
229337
229660
229844
229888
229901
230123
230461
230663
230787
230908
231385
232846
232857
233694
233737
233963
235801
236450
236791
236881
237084
238620
238830
238972
239724
240576
240647
243343
243418
243941
244032
244928
245083
245579
245875
246024
246283
248044
248045
248046
248047
248048
248049
248050
248051
248052
248053
248054
248055
248056
248057
248058
248059
248060
248061
248062
248063
248064
248065
248066
248067
248068
248069
248070
248071
248072
248073
248074
248075
248076
